transaction_id,sequence_number,workflow,entity,account,transaction_type,counterparty,reporting_period,amount,qualitative_flag,reversible,confirmed_control_error,scenario_id,scenario_type,scenario_step,oracle_required_action,fixed_transaction_id,fixed_action,fixed_route,fixed_risk_cell,fixed_initial_budget,fixed_effective_budget,fixed_projected_utilisation,fixed_utilisation_before,fixed_utilisation_after,fixed_tightening_active_before,fixed_tightening_triggered_after,mcab_transaction_id,mcab_action,mcab_route,mcab_risk_cell,mcab_initial_budget,mcab_effective_budget,mcab_projected_utilisation,mcab_utilisation_before,mcab_utilisation_after,mcab_tightening_active_before,mcab_tightening_triggered_after
TXN0001,1,procure_to_pay,ENTITY_A,operating_expense,invoice,SYNTH_VENDOR_06,2026-07,1691.000000,none,True,False,ORD_0001,ordinary_low_risk,1,AUTO_EXECUTE,TXN0001,AUTO_EXECUTE,within_fixed_threshold,,50000.000000,50000.000000,1691.000000,,,False,False,TXN0001,AUTO_EXECUTE,within_cumulative_budget,ENTITY_A|2026-07|procure_to_pay|operating_expense,50000.000000,50000.000000,1691.000000,0.000000,1691.000000,False,False
TXN0002,2,journal_entry_month_end_close,ENTITY_A,cash_clearing,standard_accrual,INTERNAL,2026-06,2240.000000,none,True,False,ORD_0002,ordinary_low_risk,1,AUTO_EXECUTE,TXN0002,AUTO_EXECUTE,within_fixed_threshold,,50000.000000,50000.000000,2240.000000,,,False,False,TXN0002,AUTO_EXECUTE,within_cumulative_budget,ENTITY_A|2026-06|journal_entry_month_end_close|cash_clearing,50000.000000,50000.000000,2240.000000,0.000000,2240.000000,False,False
TXN0003,3,journal_entry_month_end_close,ENTITY_A,cash_clearing,standard_accrual,INTERNAL,2026-07,3694.000000,none,True,False,ORD_0003,ordinary_low_risk,1,AUTO_EXECUTE,TXN0003,AUTO_EXECUTE,within_fixed_threshold,,50000.000000,50000.000000,3694.000000,,,False,False,TXN0003,AUTO_EXECUTE,within_cumulative_budget,ENTITY_A|2026-07|journal_entry_month_end_close|cash_clearing,50000.000000,50000.000000,3694.000000,0.000000,3694.000000,False,False
TXN0004,4,procure_to_pay,ENTITY_A,accrued_liability,invoice,SYNTH_VENDOR_08,2026-07,637.000000,none,True,False,ORD_0004,ordinary_low_risk,1,AUTO_EXECUTE,TXN0004,AUTO_EXECUTE,within_fixed_threshold,,50000.000000,50000.000000,637.000000,,,False,False,TXN0004,AUTO_EXECUTE,within_cumulative_budget,ENTITY_A|2026-07|procure_to_pay|accrued_liability,50000.000000,50000.000000,637.000000,0.000000,637.000000,False,False
TXN0005,5,journal_entry_month_end_close,ENTITY_A,cash_clearing,standard_accrual,INTERNAL,2026-07,2125.000000,none,True,False,ORD_0005,ordinary_low_risk,1,AUTO_EXECUTE,TXN0005,AUTO_EXECUTE,within_fixed_threshold,,50000.000000,50000.000000,2125.000000,,,False,False,TXN0005,AUTO_EXECUTE,within_cumulative_budget,ENTITY_A|2026-07|journal_entry_month_end_close|cash_clearing,50000.000000,50000.000000,5819.000000,3694.000000,5819.000000,False,False
TXN0006,6,journal_entry_month_end_close,ENTITY_A,cash_clearing,standard_accrual,INTERNAL,2026-07,2821.000000,none,True,False,ORD_0006,ordinary_low_risk,1,AUTO_EXECUTE,TXN0006,AUTO_EXECUTE,within_fixed_threshold,,50000.000000,50000.000000,2821.000000,,,False,False,TXN0006,AUTO_EXECUTE,within_cumulative_budget,ENTITY_A|2026-07|journal_entry_month_end_close|cash_clearing,50000.000000,50000.000000,8640.000000,5819.000000,8640.000000,False,False
TXN0007,7,journal_entry_month_end_close,ENTITY_A,operating_expense,standard_accrual,INTERNAL,2026-06,2530.000000,none,True,False,ORD_0007,ordinary_low_risk,1,AUTO_EXECUTE,TXN0007,AUTO_EXECUTE,within_fixed_threshold,,50000.000000,50000.000000,2530.000000,,,False,False,TXN0007,AUTO_EXECUTE,within_cumulative_budget,ENTITY_A|2026-06|journal_entry_month_end_close|operating_expense,50000.000000,50000.000000,2530.000000,0.000000,2530.000000,False,False
TXN0008,8,journal_entry_month_end_close,ENTITY_A,cash_clearing,standard_accrual,INTERNAL,2026-06,2592.000000,none,True,False,ORD_0008,ordinary_low_risk,1,AUTO_EXECUTE,TXN0008,AUTO_EXECUTE,within_fixed_threshold,,50000.000000,50000.000000,2592.000000,,,False,False,TXN0008,AUTO_EXECUTE,within_cumulative_budget,ENTITY_A|2026-06|journal_entry_month_end_close|cash_clearing,50000.000000,50000.000000,4832.000000,2240.000000,4832.000000,False,False
TXN0009,9,journal_entry_month_end_close,ENTITY_A,cash_clearing,standard_accrual,INTERNAL,2026-07,1691.000000,none,True,False,ORD_0009,ordinary_low_risk,1,AUTO_EXECUTE,TXN0009,AUTO_EXECUTE,within_fixed_threshold,,50000.000000,50000.000000,1691.000000,,,False,False,TXN0009,AUTO_EXECUTE,within_cumulative_budget,ENTITY_A|2026-07|journal_entry_month_end_close|cash_clearing,50000.000000,50000.000000,10331.000000,8640.000000,10331.000000,False,False
TXN0010,10,procure_to_pay,ENTITY_A,cash_clearing,invoice,SYNTH_VENDOR_03,2026-06,3608.000000,none,True,False,ORD_0010,ordinary_low_risk,1,AUTO_EXECUTE,TXN0010,AUTO_EXECUTE,within_fixed_threshold,,50000.000000,50000.000000,3608.000000,,,False,False,TXN0010,AUTO_EXECUTE,within_cumulative_budget,ENTITY_A|2026-06|procure_to_pay|cash_clearing,50000.000000,50000.000000,3608.000000,0.000000,3608.000000,False,False
TXN0011,11,procure_to_pay,ENTITY_B,operating_expense,invoice,SYNTH_VENDOR_04,2026-06,1966.000000,none,True,False,ORD_0011,ordinary_low_risk,1,AUTO_EXECUTE,TXN0011,AUTO_EXECUTE,within_fixed_threshold,,50000.000000,50000.000000,1966.000000,,,False,False,TXN0011,AUTO_EXECUTE,within_cumulative_budget,ENTITY_B|2026-06|procure_to_pay|operating_expense,50000.000000,50000.000000,1966.000000,0.000000,1966.000000,False,False
TXN0012,12,procure_to_pay,ENTITY_B,accrued_liability,invoice,SYNTH_VENDOR_09,2026-07,1182.000000,none,True,False,ORD_0012,ordinary_low_risk,1,AUTO_EXECUTE,TXN0012,AUTO_EXECUTE,within_fixed_threshold,,50000.000000,50000.000000,1182.000000,,,False,False,TXN0012,AUTO_EXECUTE,within_cumulative_budget,ENTITY_B|2026-07|procure_to_pay|accrued_liability,50000.000000,50000.000000,1182.000000,0.000000,1182.000000,False,False
TXN0013,13,procure_to_pay,ENTITY_A,accrued_liability,invoice,SYNTH_VENDOR_09,2026-06,4055.000000,none,False,False,ORD_0013,ordinary_low_risk,1,AUTO_EXECUTE,TXN0013,AUTO_EXECUTE,within_fixed_threshold,,50000.000000,50000.000000,4055.000000,,,False,False,TXN0013,AUTO_EXECUTE,within_cumulative_budget,ENTITY_A|2026-06|procure_to_pay|accrued_liability,50000.000000,50000.000000,4055.000000,0.000000,4055.000000,False,False
TXN0014,14,procure_to_pay,ENTITY_A,operating_expense,invoice,SYNTH_VENDOR_10,2026-06,3378.000000,none,True,False,ORD_0014,ordinary_low_risk,1,AUTO_EXECUTE,TXN0014,AUTO_EXECUTE,within_fixed_threshold,,50000.000000,50000.000000,3378.000000,,,False,False,TXN0014,AUTO_EXECUTE,within_cumulative_budget,ENTITY_A|2026-06|procure_to_pay|operating_expense,50000.000000,50000.000000,3378.000000,0.000000,3378.000000,False,False
TXN0015,15,procure_to_pay,ENTITY_B,cash_clearing,invoice,SYNTH_VENDOR_11,2026-07,2680.000000,none,True,False,ORD_0015,ordinary_low_risk,1,AUTO_EXECUTE,TXN0015,AUTO_EXECUTE,within_fixed_threshold,,50000.000000,50000.000000,2680.000000,,,False,False,TXN0015,AUTO_EXECUTE,within_cumulative_budget,ENTITY_B|2026-07|procure_to_pay|cash_clearing,50000.000000,50000.000000,2680.000000,0.000000,2680.000000,False,False
TXN0016,16,journal_entry_month_end_close,ENTITY_B,cash_clearing,standard_accrual,INTERNAL,2026-06,908.000000,none,True,False,ORD_0016,ordinary_low_risk,1,AUTO_EXECUTE,TXN0016,AUTO_EXECUTE,within_fixed_threshold,,50000.000000,50000.000000,908.000000,,,False,False,TXN0016,AUTO_EXECUTE,within_cumulative_budget,ENTITY_B|2026-06|journal_entry_month_end_close|cash_clearing,50000.000000,50000.000000,908.000000,0.000000,908.000000,False,False
TXN0017,17,journal_entry_month_end_close,ENTITY_A,accrued_liability,standard_accrual,INTERNAL,2026-06,1784.000000,none,True,False,ORD_0017,ordinary_low_risk,1,AUTO_EXECUTE,TXN0017,AUTO_EXECUTE,within_fixed_threshold,,50000.000000,50000.000000,1784.000000,,,False,False,TXN0017,AUTO_EXECUTE,within_cumulative_budget,ENTITY_A|2026-06|journal_entry_month_end_close|accrued_liability,50000.000000,50000.000000,1784.000000,0.000000,1784.000000,False,False
TXN0018,18,journal_entry_month_end_close,ENTITY_B,cash_clearing,standard_accrual,INTERNAL,2026-06,2411.000000,none,True,False,ORD_0018,ordinary_low_risk,1,AUTO_EXECUTE,TXN0018,AUTO_EXECUTE,within_fixed_threshold,,50000.000000,50000.000000,2411.000000,,,False,False,TXN0018,AUTO_EXECUTE,within_cumulative_budget,ENTITY_B|2026-06|journal_entry_month_end_close|cash_clearing,50000.000000,50000.000000,3319.000000,908.000000,3319.000000,False,False
TXN0019,19,procure_to_pay,ENTITY_B,operating_expense,invoice,SYNTH_VENDOR_12,2026-07,1549.000000,none,True,False,ORD_0019,ordinary_low_risk,1,AUTO_EXECUTE,TXN0019,AUTO_EXECUTE,within_fixed_threshold,,50000.000000,50000.000000,1549.000000,,,False,False,TXN0019,AUTO_EXECUTE,within_cumulative_budget,ENTITY_B|2026-07|procure_to_pay|operating_expense,50000.000000,50000.000000,1549.000000,0.000000,1549.000000,False,False
TXN0020,20,procure_to_pay,ENTITY_A,operating_expense,invoice,SYNTH_VENDOR_07,2026-07,3880.000000,none,True,False,ORD_0020,ordinary_low_risk,1,AUTO_EXECUTE,TXN0020,AUTO_EXECUTE,within_fixed_threshold,,50000.000000,50000.000000,3880.000000,,,False,False,TXN0020,AUTO_EXECUTE,within_cumulative_budget,ENTITY_A|2026-07|procure_to_pay|operating_expense,50000.000000,50000.000000,5571.000000,1691.000000,5571.000000,False,False
TXN0021,21,procure_to_pay,ENTITY_B,cash_clearing,invoice,SYNTH_VENDOR_12,2026-07,1195.000000,none,True,False,ORD_0021,ordinary_low_risk,1,AUTO_EXECUTE,TXN0021,AUTO_EXECUTE,within_fixed_threshold,,50000.000000,50000.000000,1195.000000,,,False,False,TXN0021,AUTO_EXECUTE,within_cumulative_budget,ENTITY_B|2026-07|procure_to_pay|cash_clearing,50000.000000,50000.000000,3875.000000,2680.000000,3875.000000,False,False
TXN0022,22,procure_to_pay,ENTITY_B,cash_clearing,invoice,SYNTH_VENDOR_01,2026-07,616.000000,none,True,False,ORD_0022,ordinary_low_risk,1,AUTO_EXECUTE,TXN0022,AUTO_EXECUTE,within_fixed_threshold,,50000.000000,50000.000000,616.000000,,,False,False,TXN0022,AUTO_EXECUTE,within_cumulative_budget,ENTITY_B|2026-07|procure_to_pay|cash_clearing,50000.000000,50000.000000,4491.000000,3875.000000,4491.000000,False,False
TXN0023,23,journal_entry_month_end_close,ENTITY_B,cash_clearing,standard_accrual,INTERNAL,2026-06,4055.000000,none,True,False,ORD_0023,ordinary_low_risk,1,AUTO_EXECUTE,TXN0023,AUTO_EXECUTE,within_fixed_threshold,,50000.000000,50000.000000,4055.000000,,,False,False,TXN0023,AUTO_EXECUTE,within_cumulative_budget,ENTITY_B|2026-06|journal_entry_month_end_close|cash_clearing,50000.000000,50000.000000,7374.000000,3319.000000,7374.000000,False,False
TXN0024,24,procure_to_pay,ENTITY_B,cash_clearing,invoice,SYNTH_VENDOR_04,2026-07,1232.000000,none,True,False,ORD_0024,ordinary_low_risk,1,AUTO_EXECUTE,TXN0024,AUTO_EXECUTE,within_fixed_threshold,,50000.000000,50000.000000,1232.000000,,,False,False,TXN0024,AUTO_EXECUTE,within_cumulative_budget,ENTITY_B|2026-07|procure_to_pay|cash_clearing,50000.000000,50000.000000,5723.000000,4491.000000,5723.000000,False,False
TXN0025,25,journal_entry_month_end_close,ENTITY_A,cash_clearing,standard_accrual,INTERNAL,2026-06,1683.000000,none,True,False,ORD_0025,ordinary_low_risk,1,AUTO_EXECUTE,TXN0025,AUTO_EXECUTE,within_fixed_threshold,,50000.000000,50000.000000,1683.000000,,,False,False,TXN0025,AUTO_EXECUTE,within_cumulative_budget,ENTITY_A|2026-06|journal_entry_month_end_close|cash_clearing,50000.000000,50000.000000,6515.000000,4832.000000,6515.000000,False,False
TXN0026,26,journal_entry_month_end_close,ENTITY_A,accrued_liability,standard_accrual,INTERNAL,2026-07,4154.000000,none,True,False,ORD_0026,ordinary_low_risk,1,AUTO_EXECUTE,TXN0026,AUTO_EXECUTE,within_fixed_threshold,,50000.000000,50000.000000,4154.000000,,,False,False,TXN0026,AUTO_EXECUTE,within_cumulative_budget,ENTITY_A|2026-07|journal_entry_month_end_close|accrued_liability,50000.000000,50000.000000,4154.000000,0.000000,4154.000000,False,False
TXN0027,27,procure_to_pay,ENTITY_A,operating_expense,invoice,SYNTH_VENDOR_09,2026-07,3518.000000,none,True,False,ORD_0027,ordinary_low_risk,1,AUTO_EXECUTE,TXN0027,AUTO_EXECUTE,within_fixed_threshold,,50000.000000,50000.000000,3518.000000,,,False,False,TXN0027,AUTO_EXECUTE,within_cumulative_budget,ENTITY_A|2026-07|procure_to_pay|operating_expense,50000.000000,50000.000000,9089.000000,5571.000000,9089.000000,False,False
TXN0028,28,journal_entry_month_end_close,ENTITY_B,cash_clearing,standard_accrual,INTERNAL,2026-07,552.000000,none,True,False,ORD_0028,ordinary_low_risk,1,AUTO_EXECUTE,TXN0028,AUTO_EXECUTE,within_fixed_threshold,,50000.000000,50000.000000,552.000000,,,False,False,TXN0028,AUTO_EXECUTE,within_cumulative_budget,ENTITY_B|2026-07|journal_entry_month_end_close|cash_clearing,50000.000000,50000.000000,552.000000,0.000000,552.000000,False,False
TXN0029,29,procure_to_pay,ENTITY_B,operating_expense,invoice,SYNTH_VENDOR_01,2026-07,511.000000,none,True,False,ORD_0029,ordinary_low_risk,1,AUTO_EXECUTE,TXN0029,AUTO_EXECUTE,within_fixed_threshold,,50000.000000,50000.000000,511.000000,,,False,False,TXN0029,AUTO_EXECUTE,within_cumulative_budget,ENTITY_B|2026-07|procure_to_pay|operating_expense,50000.000000,50000.000000,2060.000000,1549.000000,2060.000000,False,False
TXN0030,30,procure_to_pay,ENTITY_B,accrued_liability,invoice,SYNTH_VENDOR_05,2026-07,1978.000000,none,True,False,ORD_0030,ordinary_low_risk,1,AUTO_EXECUTE,TXN0030,AUTO_EXECUTE,within_fixed_threshold,,50000.000000,50000.000000,1978.000000,,,False,False,TXN0030,AUTO_EXECUTE,within_cumulative_budget,ENTITY_B|2026-07|procure_to_pay|accrued_liability,50000.000000,50000.000000,3160.000000,1182.000000,3160.000000,False,False
TXN0031,31,journal_entry_month_end_close,ENTITY_A,operating_expense,standard_accrual,INTERNAL,2026-06,2400.000000,none,True,False,ORD_0031,ordinary_low_risk,1,AUTO_EXECUTE,TXN0031,AUTO_EXECUTE,within_fixed_threshold,,50000.000000,50000.000000,2400.000000,,,False,False,TXN0031,AUTO_EXECUTE,within_cumulative_budget,ENTITY_A|2026-06|journal_entry_month_end_close|operating_expense,50000.000000,50000.000000,4930.000000,2530.000000,4930.000000,False,False
TXN0032,32,procure_to_pay,ENTITY_A,operating_expense,invoice,SYNTH_VENDOR_10,2026-07,1386.000000,none,True,False,ORD_0032,ordinary_low_risk,1,AUTO_EXECUTE,TXN0032,AUTO_EXECUTE,within_fixed_threshold,,50000.000000,50000.000000,1386.000000,,,False,False,TXN0032,AUTO_EXECUTE,within_cumulative_budget,ENTITY_A|2026-07|procure_to_pay|operating_expense,50000.000000,50000.000000,10475.000000,9089.000000,10475.000000,False,False
TXN0033,33,procure_to_pay,ENTITY_A,accrued_liability,invoice,SYNTH_VENDOR_08,2026-07,768.000000,none,True,False,ORD_0033,ordinary_low_risk,1,AUTO_EXECUTE,TXN0033,AUTO_EXECUTE,within_fixed_threshold,,50000.000000,50000.000000,768.000000,,,False,False,TXN0033,AUTO_EXECUTE,within_cumulative_budget,ENTITY_A|2026-07|procure_to_pay|accrued_liability,50000.000000,50000.000000,1405.000000,637.000000,1405.000000,False,False
TXN0034,34,journal_entry_month_end_close,ENTITY_B,cash_clearing,standard_accrual,INTERNAL,2026-06,4136.000000,none,True,False,ORD_0034,ordinary_low_risk,1,AUTO_EXECUTE,TXN0034,AUTO_EXECUTE,within_fixed_threshold,,50000.000000,50000.000000,4136.000000,,,False,False,TXN0034,AUTO_EXECUTE,within_cumulative_budget,ENTITY_B|2026-06|journal_entry_month_end_close|cash_clearing,50000.000000,50000.000000,11510.000000,7374.000000,11510.000000,False,False
TXN0035,35,procure_to_pay,ENTITY_A,cash_clearing,invoice,SYNTH_VENDOR_02,2026-07,2128.000000,none,True,False,ORD_0035,ordinary_low_risk,1,AUTO_EXECUTE,TXN0035,AUTO_EXECUTE,within_fixed_threshold,,50000.000000,50000.000000,2128.000000,,,False,False,TXN0035,AUTO_EXECUTE,within_cumulative_budget,ENTITY_A|2026-07|procure_to_pay|cash_clearing,50000.000000,50000.000000,2128.000000,0.000000,2128.000000,False,False
TXN0036,36,journal_entry_month_end_close,ENTITY_A,operating_expense,standard_accrual,INTERNAL,2026-06,3800.000000,none,True,False,ORD_0036,ordinary_low_risk,1,AUTO_EXECUTE,TXN0036,AUTO_EXECUTE,within_fixed_threshold,,50000.000000,50000.000000,3800.000000,,,False,False,TXN0036,AUTO_EXECUTE,within_cumulative_budget,ENTITY_A|2026-06|journal_entry_month_end_close|operating_expense,50000.000000,50000.000000,8730.000000,4930.000000,8730.000000,False,False
TXN0037,37,procure_to_pay,ENTITY_A,accrued_liability,invoice,SYNTH_VENDOR_09,2026-06,2134.000000,none,False,False,ORD_0037,ordinary_low_risk,1,AUTO_EXECUTE,TXN0037,AUTO_EXECUTE,within_fixed_threshold,,50000.000000,50000.000000,2134.000000,,,False,False,TXN0037,AUTO_EXECUTE,within_cumulative_budget,ENTITY_A|2026-06|procure_to_pay|accrued_liability,50000.000000,50000.000000,6189.000000,4055.000000,6189.000000,False,False
TXN0038,38,procure_to_pay,ENTITY_A,cash_clearing,invoice,SYNTH_VENDOR_10,2026-07,2249.000000,none,False,False,ORD_0038,ordinary_low_risk,1,AUTO_EXECUTE,TXN0038,AUTO_EXECUTE,within_fixed_threshold,,50000.000000,50000.000000,2249.000000,,,False,False,TXN0038,AUTO_EXECUTE,within_cumulative_budget,ENTITY_A|2026-07|procure_to_pay|cash_clearing,50000.000000,50000.000000,4377.000000,2128.000000,4377.000000,False,False
TXN0039,39,journal_entry_month_end_close,ENTITY_A,accrued_liability,standard_accrual,INTERNAL,2026-06,2184.000000,none,True,False,ORD_0039,ordinary_low_risk,1,AUTO_EXECUTE,TXN0039,AUTO_EXECUTE,within_fixed_threshold,,50000.000000,50000.000000,2184.000000,,,False,False,TXN0039,AUTO_EXECUTE,within_cumulative_budget,ENTITY_A|2026-06|journal_entry_month_end_close|accrued_liability,50000.000000,50000.000000,3968.000000,1784.000000,3968.000000,False,False
TXN0040,40,procure_to_pay,ENTITY_A,cash_clearing,invoice,SYNTH_VENDOR_02,2026-07,957.000000,none,True,False,ORD_0040,ordinary_low_risk,1,AUTO_EXECUTE,TXN0040,AUTO_EXECUTE,within_fixed_threshold,,50000.000000,50000.000000,957.000000,,,False,False,TXN0040,AUTO_EXECUTE,within_cumulative_budget,ENTITY_A|2026-07|procure_to_pay|cash_clearing,50000.000000,50000.000000,5334.000000,4377.000000,5334.000000,False,False
TXN0041,41,journal_entry_month_end_close,ENTITY_B,cash_clearing,standard_accrual,INTERNAL,2026-06,921.000000,none,True,False,ORD_0041,ordinary_low_risk,1,AUTO_EXECUTE,TXN0041,AUTO_EXECUTE,within_fixed_threshold,,50000.000000,50000.000000,921.000000,,,False,False,TXN0041,AUTO_EXECUTE,within_cumulative_budget,ENTITY_B|2026-06|journal_entry_month_end_close|cash_clearing,50000.000000,50000.000000,12431.000000,11510.000000,12431.000000,False,False
TXN0042,42,procure_to_pay,ENTITY_B,cash_clearing,invoice,SYNTH_VENDOR_07,2026-06,1410.000000,none,True,False,ORD_0042,ordinary_low_risk,1,AUTO_EXECUTE,TXN0042,AUTO_EXECUTE,within_fixed_threshold,,50000.000000,50000.000000,1410.000000,,,False,False,TXN0042,AUTO_EXECUTE,within_cumulative_budget,ENTITY_B|2026-06|procure_to_pay|cash_clearing,50000.000000,50000.000000,1410.000000,0.000000,1410.000000,False,False
TXN0043,43,journal_entry_month_end_close,ENTITY_B,operating_expense,standard_accrual,INTERNAL,2026-06,2274.000000,none,False,False,ORD_0043,ordinary_low_risk,1,AUTO_EXECUTE,TXN0043,AUTO_EXECUTE,within_fixed_threshold,,50000.000000,50000.000000,2274.000000,,,False,False,TXN0043,AUTO_EXECUTE,within_cumulative_budget,ENTITY_B|2026-06|journal_entry_month_end_close|operating_expense,50000.000000,50000.000000,2274.000000,0.000000,2274.000000,False,False
TXN0044,44,journal_entry_month_end_close,ENTITY_B,accrued_liability,standard_accrual,INTERNAL,2026-07,1646.000000,none,False,False,ORD_0044,ordinary_low_risk,1,AUTO_EXECUTE,TXN0044,AUTO_EXECUTE,within_fixed_threshold,,50000.000000,50000.000000,1646.000000,,,False,False,TXN0044,AUTO_EXECUTE,within_cumulative_budget,ENTITY_B|2026-07|journal_entry_month_end_close|accrued_liability,50000.000000,50000.000000,1646.000000,0.000000,1646.000000,False,False
TXN0045,45,procure_to_pay,ENTITY_A,operating_expense,invoice,SYNTH_VENDOR_10,2026-07,1851.000000,none,True,False,ORD_0045,ordinary_low_risk,1,AUTO_EXECUTE,TXN0045,AUTO_EXECUTE,within_fixed_threshold,,50000.000000,50000.000000,1851.000000,,,False,False,TXN0045,AUTO_EXECUTE,within_cumulative_budget,ENTITY_A|2026-07|procure_to_pay|operating_expense,50000.000000,50000.000000,12326.000000,10475.000000,12326.000000,False,False
TXN0046,46,journal_entry_month_end_close,ENTITY_B,cash_clearing,standard_accrual,INTERNAL,2026-07,2442.000000,none,True,False,ORD_0046,ordinary_low_risk,1,AUTO_EXECUTE,TXN0046,AUTO_EXECUTE,within_fixed_threshold,,50000.000000,50000.000000,2442.000000,,,False,False,TXN0046,AUTO_EXECUTE,within_cumulative_budget,ENTITY_B|2026-07|journal_entry_month_end_close|cash_clearing,50000.000000,50000.000000,2994.000000,552.000000,2994.000000,False,False
TXN0047,47,journal_entry_month_end_close,ENTITY_B,accrued_liability,standard_accrual,INTERNAL,2026-06,2811.000000,none,True,False,ORD_0047,ordinary_low_risk,1,AUTO_EXECUTE,TXN0047,AUTO_EXECUTE,within_fixed_threshold,,50000.000000,50000.000000,2811.000000,,,False,False,TXN0047,AUTO_EXECUTE,within_cumulative_budget,ENTITY_B|2026-06|journal_entry_month_end_close|accrued_liability,50000.000000,50000.000000,2811.000000,0.000000,2811.000000,False,False
TXN0048,48,journal_entry_month_end_close,ENTITY_B,accrued_liability,standard_accrual,INTERNAL,2026-06,1523.000000,none,True,False,ORD_0048,ordinary_low_risk,1,AUTO_EXECUTE,TXN0048,AUTO_EXECUTE,within_fixed_threshold,,50000.000000,50000.000000,1523.000000,,,False,False,TXN0048,AUTO_EXECUTE,within_cumulative_budget,ENTITY_B|2026-06|journal_entry_month_end_close|accrued_liability,50000.000000,50000.000000,4334.000000,2811.000000,4334.000000,False,False
TXN0049,49,journal_entry_month_end_close,ENTITY_A,operating_expense,standard_accrual,INTERNAL,2026-07,3934.000000,none,True,False,ORD_0049,ordinary_low_risk,1,AUTO_EXECUTE,TXN0049,AUTO_EXECUTE,within_fixed_threshold,,50000.000000,50000.000000,3934.000000,,,False,False,TXN0049,AUTO_EXECUTE,within_cumulative_budget,ENTITY_A|2026-07|journal_entry_month_end_close|operating_expense,50000.000000,50000.000000,3934.000000,0.000000,3934.000000,False,False
TXN0050,50,journal_entry_month_end_close,ENTITY_A,accrued_liability,standard_accrual,INTERNAL,2026-06,3133.000000,none,False,False,ORD_0050,ordinary_low_risk,1,AUTO_EXECUTE,TXN0050,AUTO_EXECUTE,within_fixed_threshold,,50000.000000,50000.000000,3133.000000,,,False,False,TXN0050,AUTO_EXECUTE,within_cumulative_budget,ENTITY_A|2026-06|journal_entry_month_end_close|accrued_liability,50000.000000,50000.000000,7101.000000,3968.000000,7101.000000,False,False
TXN0051,51,procure_to_pay,ENTITY_B,cash_clearing,invoice,SYNTH_VENDOR_09,2026-07,1589.000000,none,False,False,ORD_0051,ordinary_low_risk,1,AUTO_EXECUTE,TXN0051,AUTO_EXECUTE,within_fixed_threshold,,50000.000000,50000.000000,1589.000000,,,False,False,TXN0051,AUTO_EXECUTE,within_cumulative_budget,ENTITY_B|2026-07|procure_to_pay|cash_clearing,50000.000000,50000.000000,7312.000000,5723.000000,7312.000000,False,False
TXN0052,52,procure_to_pay,ENTITY_A,operating_expense,invoice,SYNTH_VENDOR_10,2026-07,1382.000000,none,True,False,ORD_0052,ordinary_low_risk,1,AUTO_EXECUTE,TXN0052,AUTO_EXECUTE,within_fixed_threshold,,50000.000000,50000.000000,1382.000000,,,False,False,TXN0052,AUTO_EXECUTE,within_cumulative_budget,ENTITY_A|2026-07|procure_to_pay|operating_expense,50000.000000,50000.000000,13708.000000,12326.000000,13708.000000,False,False
TXN0053,53,procure_to_pay,ENTITY_A,operating_expense,invoice,SYNTH_VENDOR_06,2026-06,2608.000000,none,True,False,ORD_0053,ordinary_low_risk,1,AUTO_EXECUTE,TXN0053,AUTO_EXECUTE,within_fixed_threshold,,50000.000000,50000.000000,2608.000000,,,False,False,TXN0053,AUTO_EXECUTE,within_cumulative_budget,ENTITY_A|2026-06|procure_to_pay|operating_expense,50000.000000,50000.000000,5986.000000,3378.000000,5986.000000,False,False
TXN0054,54,journal_entry_month_end_close,ENTITY_B,operating_expense,standard_accrual,INTERNAL,2026-07,3832.000000,none,False,False,ORD_0054,ordinary_low_risk,1,AUTO_EXECUTE,TXN0054,AUTO_EXECUTE,within_fixed_threshold,,50000.000000,50000.000000,3832.000000,,,False,False,TXN0054,AUTO_EXECUTE,within_cumulative_budget,ENTITY_B|2026-07|journal_entry_month_end_close|operating_expense,50000.000000,50000.000000,3832.000000,0.000000,3832.000000,False,False
TXN0055,55,journal_entry_month_end_close,ENTITY_B,cash_clearing,standard_accrual,INTERNAL,2026-07,3383.000000,none,True,False,ORD_0055,ordinary_low_risk,1,AUTO_EXECUTE,TXN0055,AUTO_EXECUTE,within_fixed_threshold,,50000.000000,50000.000000,3383.000000,,,False,False,TXN0055,AUTO_EXECUTE,within_cumulative_budget,ENTITY_B|2026-07|journal_entry_month_end_close|cash_clearing,50000.000000,50000.000000,6377.000000,2994.000000,6377.000000,False,False
TXN0056,56,procure_to_pay,ENTITY_B,accrued_liability,invoice,SYNTH_VENDOR_12,2026-07,1610.000000,none,True,False,ORD_0056,ordinary_low_risk,1,AUTO_EXECUTE,TXN0056,AUTO_EXECUTE,within_fixed_threshold,,50000.000000,50000.000000,1610.000000,,,False,False,TXN0056,AUTO_EXECUTE,within_cumulative_budget,ENTITY_B|2026-07|procure_to_pay|accrued_liability,50000.000000,50000.000000,4770.000000,3160.000000,4770.000000,False,False
TXN0057,57,procure_to_pay,ENTITY_A,cash_clearing,invoice,SYNTH_VENDOR_07,2026-06,2026.000000,none,True,False,ORD_0057,ordinary_low_risk,1,AUTO_EXECUTE,TXN0057,AUTO_EXECUTE,within_fixed_threshold,,50000.000000,50000.000000,2026.000000,,,False,False,TXN0057,AUTO_EXECUTE,within_cumulative_budget,ENTITY_A|2026-06|procure_to_pay|cash_clearing,50000.000000,50000.000000,5634.000000,3608.000000,5634.000000,False,False
TXN0058,58,journal_entry_month_end_close,ENTITY_B,accrued_liability,standard_accrual,INTERNAL,2026-06,981.000000,none,True,False,ORD_0058,ordinary_low_risk,1,AUTO_EXECUTE,TXN0058,AUTO_EXECUTE,within_fixed_threshold,,50000.000000,50000.000000,981.000000,,,False,False,TXN0058,AUTO_EXECUTE,within_cumulative_budget,ENTITY_B|2026-06|journal_entry_month_end_close|accrued_liability,50000.000000,50000.000000,5315.000000,4334.000000,5315.000000,False,False
TXN0059,59,journal_entry_month_end_close,ENTITY_A,operating_expense,standard_accrual,INTERNAL,2026-07,2380.000000,none,True,False,ORD_0059,ordinary_low_risk,1,AUTO_EXECUTE,TXN0059,AUTO_EXECUTE,within_fixed_threshold,,50000.000000,50000.000000,2380.000000,,,False,False,TXN0059,AUTO_EXECUTE,within_cumulative_budget,ENTITY_A|2026-07|journal_entry_month_end_close|operating_expense,50000.000000,50000.000000,6314.000000,3934.000000,6314.000000,False,False
TXN0060,60,journal_entry_month_end_close,ENTITY_A,operating_expense,standard_accrual,INTERNAL,2026-07,1413.000000,none,False,False,ORD_0060,ordinary_low_risk,1,AUTO_EXECUTE,TXN0060,AUTO_EXECUTE,within_fixed_threshold,,50000.000000,50000.000000,1413.000000,,,False,False,TXN0060,AUTO_EXECUTE,within_cumulative_budget,ENTITY_A|2026-07|journal_entry_month_end_close|operating_expense,50000.000000,50000.000000,7727.000000,6314.000000,7727.000000,False,False
TXN0061,61,journal_entry_month_end_close,ENTITY_B,operating_expense,standard_accrual,INTERNAL,2026-06,944.000000,none,True,False,ORD_0061,ordinary_low_risk,1,AUTO_EXECUTE,TXN0061,AUTO_EXECUTE,within_fixed_threshold,,50000.000000,50000.000000,944.000000,,,False,False,TXN0061,AUTO_EXECUTE,within_cumulative_budget,ENTITY_B|2026-06|journal_entry_month_end_close|operating_expense,50000.000000,50000.000000,3218.000000,2274.000000,3218.000000,False,False
TXN0062,62,journal_entry_month_end_close,ENTITY_A,accrued_liability,standard_accrual,INTERNAL,2026-07,1694.000000,none,True,False,ORD_0062,ordinary_low_risk,1,AUTO_EXECUTE,TXN0062,AUTO_EXECUTE,within_fixed_threshold,,50000.000000,50000.000000,1694.000000,,,False,False,TXN0062,AUTO_EXECUTE,within_cumulative_budget,ENTITY_A|2026-07|journal_entry_month_end_close|accrued_liability,50000.000000,50000.000000,5848.000000,4154.000000,5848.000000,False,False
TXN0063,63,journal_entry_month_end_close,ENTITY_B,operating_expense,standard_accrual,INTERNAL,2026-07,1198.000000,none,True,False,ORD_0063,ordinary_low_risk,1,AUTO_EXECUTE,TXN0063,AUTO_EXECUTE,within_fixed_threshold,,50000.000000,50000.000000,1198.000000,,,False,False,TXN0063,AUTO_EXECUTE,within_cumulative_budget,ENTITY_B|2026-07|journal_entry_month_end_close|operating_expense,50000.000000,50000.000000,5030.000000,3832.000000,5030.000000,False,False
TXN0064,64,journal_entry_month_end_close,ENTITY_B,cash_clearing,standard_accrual,INTERNAL,2026-07,3960.000000,none,False,False,ORD_0064,ordinary_low_risk,1,AUTO_EXECUTE,TXN0064,AUTO_EXECUTE,within_fixed_threshold,,50000.000000,50000.000000,3960.000000,,,False,False,TXN0064,AUTO_EXECUTE,within_cumulative_budget,ENTITY_B|2026-07|journal_entry_month_end_close|cash_clearing,50000.000000,50000.000000,10337.000000,6377.000000,10337.000000,False,False
TXN0065,65,procure_to_pay,ENTITY_A,accrued_liability,invoice,SYNTH_VENDOR_12,2026-06,2991.000000,none,True,False,ORD_0065,ordinary_low_risk,1,AUTO_EXECUTE,TXN0065,AUTO_EXECUTE,within_fixed_threshold,,50000.000000,50000.000000,2991.000000,,,False,False,TXN0065,AUTO_EXECUTE,within_cumulative_budget,ENTITY_A|2026-06|procure_to_pay|accrued_liability,50000.000000,50000.000000,9180.000000,6189.000000,9180.000000,False,False
TXN0066,66,procure_to_pay,ENTITY_B,accrued_liability,invoice,SYNTH_VENDOR_02,2026-06,1876.000000,none,True,False,ORD_0066,ordinary_low_risk,1,AUTO_EXECUTE,TXN0066,AUTO_EXECUTE,within_fixed_threshold,,50000.000000,50000.000000,1876.000000,,,False,False,TXN0066,AUTO_EXECUTE,within_cumulative_budget,ENTITY_B|2026-06|procure_to_pay|accrued_liability,50000.000000,50000.000000,1876.000000,0.000000,1876.000000,False,False
TXN0067,67,procure_to_pay,ENTITY_B,operating_expense,invoice,SYNTH_VENDOR_12,2026-06,3628.000000,none,True,False,ORD_0067,ordinary_low_risk,1,AUTO_EXECUTE,TXN0067,AUTO_EXECUTE,within_fixed_threshold,,50000.000000,50000.000000,3628.000000,,,False,False,TXN0067,AUTO_EXECUTE,within_cumulative_budget,ENTITY_B|2026-06|procure_to_pay|operating_expense,50000.000000,50000.000000,5594.000000,1966.000000,5594.000000,False,False
TXN0068,68,procure_to_pay,ENTITY_A,cash_clearing,invoice,SYNTH_VENDOR_08,2026-06,2360.000000,none,True,False,ORD_0068,ordinary_low_risk,1,AUTO_EXECUTE,TXN0068,AUTO_EXECUTE,within_fixed_threshold,,50000.000000,50000.000000,2360.000000,,,False,False,TXN0068,AUTO_EXECUTE,within_cumulative_budget,ENTITY_A|2026-06|procure_to_pay|cash_clearing,50000.000000,50000.000000,7994.000000,5634.000000,7994.000000,False,False
TXN0069,69,procure_to_pay,ENTITY_B,operating_expense,invoice,SYNTH_VENDOR_12,2026-06,2822.000000,none,True,False,ORD_0069,ordinary_low_risk,1,AUTO_EXECUTE,TXN0069,AUTO_EXECUTE,within_fixed_threshold,,50000.000000,50000.000000,2822.000000,,,False,False,TXN0069,AUTO_EXECUTE,within_cumulative_budget,ENTITY_B|2026-06|procure_to_pay|operating_expense,50000.000000,50000.000000,8416.000000,5594.000000,8416.000000,False,False
TXN0070,70,journal_entry_month_end_close,ENTITY_B,accrued_liability,standard_accrual,INTERNAL,2026-06,1788.000000,none,True,False,ORD_0070,ordinary_low_risk,1,AUTO_EXECUTE,TXN0070,AUTO_EXECUTE,within_fixed_threshold,,50000.000000,50000.000000,1788.000000,,,False,False,TXN0070,AUTO_EXECUTE,within_cumulative_budget,ENTITY_B|2026-06|journal_entry_month_end_close|accrued_liability,50000.000000,50000.000000,7103.000000,5315.000000,7103.000000,False,False
TXN0071,71,journal_entry_month_end_close,ENTITY_B,operating_expense,standard_accrual,INTERNAL,2026-06,4074.000000,none,True,False,ORD_0071,ordinary_low_risk,1,AUTO_EXECUTE,TXN0071,AUTO_EXECUTE,within_fixed_threshold,,50000.000000,50000.000000,4074.000000,,,False,False,TXN0071,AUTO_EXECUTE,within_cumulative_budget,ENTITY_B|2026-06|journal_entry_month_end_close|operating_expense,50000.000000,50000.000000,7292.000000,3218.000000,7292.000000,False,False
TXN0072,72,procure_to_pay,ENTITY_B,operating_expense,invoice,SYNTH_VENDOR_07,2026-06,773.000000,none,True,False,ORD_0072,ordinary_low_risk,1,AUTO_EXECUTE,TXN0072,AUTO_EXECUTE,within_fixed_threshold,,50000.000000,50000.000000,773.000000,,,False,False,TXN0072,AUTO_EXECUTE,within_cumulative_budget,ENTITY_B|2026-06|procure_to_pay|operating_expense,50000.000000,50000.000000,9189.000000,8416.000000,9189.000000,False,False
TXN0073,73,journal_entry_month_end_close,ENTITY_B,accrued_liability,standard_accrual,INTERNAL,2026-07,2039.000000,none,True,False,ORD_0073,ordinary_low_risk,1,AUTO_EXECUTE,TXN0073,AUTO_EXECUTE,within_fixed_threshold,,50000.000000,50000.000000,2039.000000,,,False,False,TXN0073,AUTO_EXECUTE,within_cumulative_budget,ENTITY_B|2026-07|journal_entry_month_end_close|accrued_liability,50000.000000,50000.000000,3685.000000,1646.000000,3685.000000,False,False
TXN0074,74,journal_entry_month_end_close,ENTITY_B,cash_clearing,standard_accrual,INTERNAL,2026-06,3799.000000,none,False,False,ORD_0074,ordinary_low_risk,1,AUTO_EXECUTE,TXN0074,AUTO_EXECUTE,within_fixed_threshold,,50000.000000,50000.000000,3799.000000,,,False,False,TXN0074,AUTO_EXECUTE,within_cumulative_budget,ENTITY_B|2026-06|journal_entry_month_end_close|cash_clearing,50000.000000,50000.000000,16230.000000,12431.000000,16230.000000,False,False
TXN0075,75,journal_entry_month_end_close,ENTITY_B,cash_clearing,standard_accrual,INTERNAL,2026-07,3536.000000,none,True,False,ORD_0075,ordinary_low_risk,1,AUTO_EXECUTE,TXN0075,AUTO_EXECUTE,within_fixed_threshold,,50000.000000,50000.000000,3536.000000,,,False,False,TXN0075,AUTO_EXECUTE,within_cumulative_budget,ENTITY_B|2026-07|journal_entry_month_end_close|cash_clearing,50000.000000,50000.000000,13873.000000,10337.000000,13873.000000,False,False
TXN0076,76,procure_to_pay,ENTITY_A,accrued_liability,invoice,SYNTH_VENDOR_10,2026-06,985.000000,none,True,False,ORD_0076,ordinary_low_risk,1,AUTO_EXECUTE,TXN0076,AUTO_EXECUTE,within_fixed_threshold,,50000.000000,50000.000000,985.000000,,,False,False,TXN0076,AUTO_EXECUTE,within_cumulative_budget,ENTITY_A|2026-06|procure_to_pay|accrued_liability,50000.000000,50000.000000,10165.000000,9180.000000,10165.000000,False,False
TXN0077,77,procure_to_pay,ENTITY_B,operating_expense,invoice,SYNTH_VENDOR_04,2026-06,1346.000000,none,True,False,ORD_0077,ordinary_low_risk,1,AUTO_EXECUTE,TXN0077,AUTO_EXECUTE,within_fixed_threshold,,50000.000000,50000.000000,1346.000000,,,False,False,TXN0077,AUTO_EXECUTE,within_cumulative_budget,ENTITY_B|2026-06|procure_to_pay|operating_expense,50000.000000,50000.000000,10535.000000,9189.000000,10535.000000,False,False
TXN0078,78,procure_to_pay,ENTITY_A,operating_expense,invoice,SYNTH_VENDOR_01,2026-07,795.000000,none,True,False,ORD_0078,ordinary_low_risk,1,AUTO_EXECUTE,TXN0078,AUTO_EXECUTE,within_fixed_threshold,,50000.000000,50000.000000,795.000000,,,False,False,TXN0078,AUTO_EXECUTE,within_cumulative_budget,ENTITY_A|2026-07|procure_to_pay|operating_expense,50000.000000,50000.000000,14503.000000,13708.000000,14503.000000,False,False
TXN0079,79,journal_entry_month_end_close,ENTITY_A,operating_expense,standard_accrual,INTERNAL,2026-07,1006.000000,none,True,False,ORD_0079,ordinary_low_risk,1,AUTO_EXECUTE,TXN0079,AUTO_EXECUTE,within_fixed_threshold,,50000.000000,50000.000000,1006.000000,,,False,False,TXN0079,AUTO_EXECUTE,within_cumulative_budget,ENTITY_A|2026-07|journal_entry_month_end_close|operating_expense,50000.000000,50000.000000,8733.000000,7727.000000,8733.000000,False,False
TXN0080,80,procure_to_pay,ENTITY_A,operating_expense,invoice,SYNTH_VENDOR_05,2026-06,1577.000000,none,True,False,ORD_0080,ordinary_low_risk,1,AUTO_EXECUTE,TXN0080,AUTO_EXECUTE,within_fixed_threshold,,50000.000000,50000.000000,1577.000000,,,False,False,TXN0080,AUTO_EXECUTE,within_cumulative_budget,ENTITY_A|2026-06|procure_to_pay|operating_expense,50000.000000,50000.000000,7563.000000,5986.000000,7563.000000,False,False
TXN0081,81,journal_entry_month_end_close,ENTITY_A,accrued_liability,standard_accrual,INTERNAL,2026-07,2135.000000,none,True,False,ORD_0081,ordinary_low_risk,1,AUTO_EXECUTE,TXN0081,AUTO_EXECUTE,within_fixed_threshold,,50000.000000,50000.000000,2135.000000,,,False,False,TXN0081,AUTO_EXECUTE,within_cumulative_budget,ENTITY_A|2026-07|journal_entry_month_end_close|accrued_liability,50000.000000,50000.000000,7983.000000,5848.000000,7983.000000,False,False
TXN0082,82,procure_to_pay,ENTITY_A,cash_clearing,invoice,SYNTH_VENDOR_07,2026-07,3165.000000,none,True,False,ORD_0082,ordinary_low_risk,1,AUTO_EXECUTE,TXN0082,AUTO_EXECUTE,within_fixed_threshold,,50000.000000,50000.000000,3165.000000,,,False,False,TXN0082,AUTO_EXECUTE,within_cumulative_budget,ENTITY_A|2026-07|procure_to_pay|cash_clearing,50000.000000,50000.000000,8499.000000,5334.000000,8499.000000,False,False
TXN0083,83,procure_to_pay,ENTITY_B,accrued_liability,invoice,SYNTH_VENDOR_07,2026-07,3793.000000,none,True,False,ORD_0083,ordinary_low_risk,1,AUTO_EXECUTE,TXN0083,AUTO_EXECUTE,within_fixed_threshold,,50000.000000,50000.000000,3793.000000,,,False,False,TXN0083,AUTO_EXECUTE,within_cumulative_budget,ENTITY_B|2026-07|procure_to_pay|accrued_liability,50000.000000,50000.000000,8563.000000,4770.000000,8563.000000,False,False
TXN0084,84,procure_to_pay,ENTITY_B,cash_clearing,invoice,SYNTH_VENDOR_12,2026-07,2097.000000,none,True,False,ORD_0084,ordinary_low_risk,1,AUTO_EXECUTE,TXN0084,AUTO_EXECUTE,within_fixed_threshold,,50000.000000,50000.000000,2097.000000,,,False,False,TXN0084,AUTO_EXECUTE,within_cumulative_budget,ENTITY_B|2026-07|procure_to_pay|cash_clearing,50000.000000,50000.000000,9409.000000,7312.000000,9409.000000,False,False
TXN0085,85,procure_to_pay,ENTITY_B,cash_clearing,invoice,SYNTH_VENDOR_12,2026-06,3368.000000,none,True,False,ORD_0085,ordinary_low_risk,1,AUTO_EXECUTE,TXN0085,AUTO_EXECUTE,within_fixed_threshold,,50000.000000,50000.000000,3368.000000,,,False,False,TXN0085,AUTO_EXECUTE,within_cumulative_budget,ENTITY_B|2026-06|procure_to_pay|cash_clearing,50000.000000,50000.000000,4778.000000,1410.000000,4778.000000,False,False
TXN0086,86,procure_to_pay,ENTITY_A,cash_clearing,invoice,SYNTH_VENDOR_05,2026-06,809.000000,none,True,False,ORD_0086,ordinary_low_risk,1,AUTO_EXECUTE,TXN0086,AUTO_EXECUTE,within_fixed_threshold,,50000.000000,50000.000000,809.000000,,,False,False,TXN0086,AUTO_EXECUTE,within_cumulative_budget,ENTITY_A|2026-06|procure_to_pay|cash_clearing,50000.000000,50000.000000,8803.000000,7994.000000,8803.000000,False,False
TXN0087,87,procure_to_pay,ENTITY_B,operating_expense,invoice,SYNTH_VENDOR_03,2026-06,1618.000000,none,True,False,ORD_0087,ordinary_low_risk,1,AUTO_EXECUTE,TXN0087,AUTO_EXECUTE,within_fixed_threshold,,50000.000000,50000.000000,1618.000000,,,False,False,TXN0087,AUTO_EXECUTE,within_cumulative_budget,ENTITY_B|2026-06|procure_to_pay|operating_expense,50000.000000,50000.000000,12153.000000,10535.000000,12153.000000,False,False
TXN0088,88,journal_entry_month_end_close,ENTITY_B,accrued_liability,standard_accrual,INTERNAL,2026-07,2021.000000,none,True,False,ORD_0088,ordinary_low_risk,1,AUTO_EXECUTE,TXN0088,AUTO_EXECUTE,within_fixed_threshold,,50000.000000,50000.000000,2021.000000,,,False,False,TXN0088,AUTO_EXECUTE,within_cumulative_budget,ENTITY_B|2026-07|journal_entry_month_end_close|accrued_liability,50000.000000,50000.000000,5706.000000,3685.000000,5706.000000,False,False
TXN0089,89,journal_entry_month_end_close,ENTITY_B,operating_expense,standard_accrual,INTERNAL,2026-06,1337.000000,none,True,False,ORD_0089,ordinary_low_risk,1,AUTO_EXECUTE,TXN0089,AUTO_EXECUTE,within_fixed_threshold,,50000.000000,50000.000000,1337.000000,,,False,False,TXN0089,AUTO_EXECUTE,within_cumulative_budget,ENTITY_B|2026-06|journal_entry_month_end_close|operating_expense,50000.000000,50000.000000,8629.000000,7292.000000,8629.000000,False,False
TXN0090,90,journal_entry_month_end_close,ENTITY_A,cash_clearing,standard_accrual,INTERNAL,2026-06,3642.000000,none,True,False,ORD_0090,ordinary_low_risk,1,AUTO_EXECUTE,TXN0090,AUTO_EXECUTE,within_fixed_threshold,,50000.000000,50000.000000,3642.000000,,,False,False,TXN0090,AUTO_EXECUTE,within_cumulative_budget,ENTITY_A|2026-06|journal_entry_month_end_close|cash_clearing,50000.000000,50000.000000,10157.000000,6515.000000,10157.000000,False,False
TXN0091,91,procure_to_pay,ENTITY_A,aggregation_test,invoice,SYNTH_VENDOR_AGG,2026-06,7800.000000,none,True,False,AGG_P2P,aggregation_pressure,1,AUTO_EXECUTE,TXN0091,AUTO_EXECUTE,within_fixed_threshold,,50000.000000,50000.000000,7800.000000,,,False,False,TXN0091,AUTO_EXECUTE,within_cumulative_budget,ENTITY_A|2026-06|procure_to_pay|aggregation_test,50000.000000,50000.000000,7800.000000,0.000000,7800.000000,False,False
TXN0092,92,procure_to_pay,ENTITY_A,aggregation_test,invoice,SYNTH_VENDOR_AGG,2026-06,8200.000000,none,True,False,AGG_P2P,aggregation_pressure,2,AUTO_EXECUTE,TXN0092,AUTO_EXECUTE,within_fixed_threshold,,50000.000000,50000.000000,8200.000000,,,False,False,TXN0092,AUTO_EXECUTE,within_cumulative_budget,ENTITY_A|2026-06|procure_to_pay|aggregation_test,50000.000000,50000.000000,16000.000000,7800.000000,16000.000000,False,False
TXN0093,93,procure_to_pay,ENTITY_A,aggregation_test,invoice,SYNTH_VENDOR_AGG,2026-06,7600.000000,none,True,False,AGG_P2P,aggregation_pressure,3,AUTO_EXECUTE,TXN0093,AUTO_EXECUTE,within_fixed_threshold,,50000.000000,50000.000000,7600.000000,,,False,False,TXN0093,AUTO_EXECUTE,within_cumulative_budget,ENTITY_A|2026-06|procure_to_pay|aggregation_test,50000.000000,50000.000000,23600.000000,16000.000000,23600.000000,False,False
TXN0094,94,procure_to_pay,ENTITY_A,aggregation_test,invoice,SYNTH_VENDOR_AGG,2026-06,8400.000000,none,True,False,AGG_P2P,aggregation_pressure,4,AUTO_EXECUTE,TXN0094,AUTO_EXECUTE,within_fixed_threshold,,50000.000000,50000.000000,8400.000000,,,False,False,TXN0094,AUTO_EXECUTE,within_cumulative_budget,ENTITY_A|2026-06|procure_to_pay|aggregation_test,50000.000000,50000.000000,32000.000000,23600.000000,32000.000000,False,False
TXN0095,95,procure_to_pay,ENTITY_A,aggregation_test,invoice,SYNTH_VENDOR_AGG,2026-06,7900.000000,none,True,False,AGG_P2P,aggregation_pressure,5,AUTO_EXECUTE,TXN0095,AUTO_EXECUTE,within_fixed_threshold,,50000.000000,50000.000000,7900.000000,,,False,False,TXN0095,AUTO_EXECUTE,within_cumulative_budget,ENTITY_A|2026-06|procure_to_pay|aggregation_test,50000.000000,50000.000000,39900.000000,32000.000000,39900.000000,False,False
TXN0096,96,procure_to_pay,ENTITY_A,aggregation_test,invoice,SYNTH_VENDOR_AGG,2026-06,8100.000000,none,True,False,AGG_P2P,aggregation_pressure,6,INDEPENDENT_REVIEW,TXN0096,AUTO_EXECUTE,within_fixed_threshold,,50000.000000,50000.000000,8100.000000,,,False,False,TXN0096,AUTO_EXECUTE,within_cumulative_budget,ENTITY_A|2026-06|procure_to_pay|aggregation_test,50000.000000,50000.000000,48000.000000,39900.000000,48000.000000,False,False
TXN0097,97,procure_to_pay,ENTITY_A,aggregation_test,invoice,SYNTH_VENDOR_AGG,2026-06,8300.000000,none,True,False,AGG_P2P,aggregation_pressure,7,INDEPENDENT_REVIEW,TXN0097,AUTO_EXECUTE,within_fixed_threshold,,50000.000000,50000.000000,8300.000000,,,False,False,TXN0097,INDEPENDENT_REVIEW,projected_usage_above_budget,ENTITY_A|2026-06|procure_to_pay|aggregation_test,50000.000000,50000.000000,56300.000000,48000.000000,48000.000000,False,False
TXN0098,98,procure_to_pay,ENTITY_A,aggregation_test,invoice,SYNTH_VENDOR_AGG,2026-06,7700.000000,none,True,False,AGG_P2P,aggregation_pressure,8,INDEPENDENT_REVIEW,TXN0098,AUTO_EXECUTE,within_fixed_threshold,,50000.000000,50000.000000,7700.000000,,,False,False,TXN0098,INDEPENDENT_REVIEW,projected_usage_above_budget,ENTITY_A|2026-06|procure_to_pay|aggregation_test,50000.000000,50000.000000,55700.000000,48000.000000,48000.000000,False,False
TXN0099,99,procure_to_pay,ENTITY_A,aggregation_test,invoice,SYNTH_VENDOR_AGG,2026-06,8250.000000,none,True,False,AGG_P2P,aggregation_pressure,9,INDEPENDENT_REVIEW,TXN0099,AUTO_EXECUTE,within_fixed_threshold,,50000.000000,50000.000000,8250.000000,,,False,False,TXN0099,INDEPENDENT_REVIEW,projected_usage_above_budget,ENTITY_A|2026-06|procure_to_pay|aggregation_test,50000.000000,50000.000000,56250.000000,48000.000000,48000.000000,False,False
TXN0100,100,procure_to_pay,ENTITY_A,aggregation_test,invoice,SYNTH_VENDOR_AGG,2026-06,7950.000000,none,True,False,AGG_P2P,aggregation_pressure,10,INDEPENDENT_REVIEW,TXN0100,AUTO_EXECUTE,within_fixed_threshold,,50000.000000,50000.000000,7950.000000,,,False,False,TXN0100,INDEPENDENT_REVIEW,projected_usage_above_budget,ENTITY_A|2026-06|procure_to_pay|aggregation_test,50000.000000,50000.000000,55950.000000,48000.000000,48000.000000,False,False
TXN0101,101,procure_to_pay,ENTITY_A,accrued_liability,invoice,SYNTH_VENDOR_02,2026-06,3554.000000,none,True,False,ORD_0101,ordinary_low_risk,1,AUTO_EXECUTE,TXN0101,AUTO_EXECUTE,within_fixed_threshold,,50000.000000,50000.000000,3554.000000,,,False,False,TXN0101,AUTO_EXECUTE,within_cumulative_budget,ENTITY_A|2026-06|procure_to_pay|accrued_liability,50000.000000,50000.000000,13719.000000,10165.000000,13719.000000,False,False
TXN0102,102,procure_to_pay,ENTITY_A,accrued_liability,invoice,SYNTH_VENDOR_10,2026-07,2426.000000,none,True,False,ORD_0102,ordinary_low_risk,1,AUTO_EXECUTE,TXN0102,AUTO_EXECUTE,within_fixed_threshold,,50000.000000,50000.000000,2426.000000,,,False,False,TXN0102,AUTO_EXECUTE,within_cumulative_budget,ENTITY_A|2026-07|procure_to_pay|accrued_liability,50000.000000,50000.000000,3831.000000,1405.000000,3831.000000,False,False
TXN0103,103,journal_entry_month_end_close,ENTITY_B,cash_clearing,standard_accrual,INTERNAL,2026-06,2116.000000,none,True,False,ORD_0103,ordinary_low_risk,1,AUTO_EXECUTE,TXN0103,AUTO_EXECUTE,within_fixed_threshold,,50000.000000,50000.000000,2116.000000,,,False,False,TXN0103,AUTO_EXECUTE,within_cumulative_budget,ENTITY_B|2026-06|journal_entry_month_end_close|cash_clearing,50000.000000,50000.000000,18346.000000,16230.000000,18346.000000,False,False
TXN0104,104,journal_entry_month_end_close,ENTITY_B,cash_clearing,standard_accrual,INTERNAL,2026-07,1140.000000,none,True,False,ORD_0104,ordinary_low_risk,1,AUTO_EXECUTE,TXN0104,AUTO_EXECUTE,within_fixed_threshold,,50000.000000,50000.000000,1140.000000,,,False,False,TXN0104,AUTO_EXECUTE,within_cumulative_budget,ENTITY_B|2026-07|journal_entry_month_end_close|cash_clearing,50000.000000,50000.000000,15013.000000,13873.000000,15013.000000,False,False
TXN0105,105,procure_to_pay,ENTITY_B,operating_expense,invoice,SYNTH_VENDOR_08,2026-06,1495.000000,none,True,False,ORD_0105,ordinary_low_risk,1,AUTO_EXECUTE,TXN0105,AUTO_EXECUTE,within_fixed_threshold,,50000.000000,50000.000000,1495.000000,,,False,False,TXN0105,AUTO_EXECUTE,within_cumulative_budget,ENTITY_B|2026-06|procure_to_pay|operating_expense,50000.000000,50000.000000,13648.000000,12153.000000,13648.000000,False,False
TXN0106,106,procure_to_pay,ENTITY_B,operating_expense,invoice,SYNTH_VENDOR_06,2026-07,3530.000000,none,True,False,ORD_0106,ordinary_low_risk,1,AUTO_EXECUTE,TXN0106,AUTO_EXECUTE,within_fixed_threshold,,50000.000000,50000.000000,3530.000000,,,False,False,TXN0106,AUTO_EXECUTE,within_cumulative_budget,ENTITY_B|2026-07|procure_to_pay|operating_expense,50000.000000,50000.000000,5590.000000,2060.000000,5590.000000,False,False
TXN0107,107,journal_entry_month_end_close,ENTITY_A,accrued_liability,standard_accrual,INTERNAL,2026-06,712.000000,none,True,False,ORD_0107,ordinary_low_risk,1,AUTO_EXECUTE,TXN0107,AUTO_EXECUTE,within_fixed_threshold,,50000.000000,50000.000000,712.000000,,,False,False,TXN0107,AUTO_EXECUTE,within_cumulative_budget,ENTITY_A|2026-06|journal_entry_month_end_close|accrued_liability,50000.000000,50000.000000,7813.000000,7101.000000,7813.000000,False,False
TXN0108,108,procure_to_pay,ENTITY_B,accrued_liability,invoice,SYNTH_VENDOR_08,2026-06,3989.000000,none,True,False,ORD_0108,ordinary_low_risk,1,AUTO_EXECUTE,TXN0108,AUTO_EXECUTE,within_fixed_threshold,,50000.000000,50000.000000,3989.000000,,,False,False,TXN0108,AUTO_EXECUTE,within_cumulative_budget,ENTITY_B|2026-06|procure_to_pay|accrued_liability,50000.000000,50000.000000,5865.000000,1876.000000,5865.000000,False,False
TXN0109,109,journal_entry_month_end_close,ENTITY_A,operating_expense,standard_accrual,INTERNAL,2026-06,2097.000000,none,True,False,ORD_0109,ordinary_low_risk,1,AUTO_EXECUTE,TXN0109,AUTO_EXECUTE,within_fixed_threshold,,50000.000000,50000.000000,2097.000000,,,False,False,TXN0109,AUTO_EXECUTE,within_cumulative_budget,ENTITY_A|2026-06|journal_entry_month_end_close|operating_expense,50000.000000,50000.000000,10827.000000,8730.000000,10827.000000,False,False
TXN0110,110,procure_to_pay,ENTITY_A,operating_expense,invoice,SYNTH_VENDOR_05,2026-06,4197.000000,none,True,False,ORD_0110,ordinary_low_risk,1,AUTO_EXECUTE,TXN0110,AUTO_EXECUTE,within_fixed_threshold,,50000.000000,50000.000000,4197.000000,,,False,False,TXN0110,AUTO_EXECUTE,within_cumulative_budget,ENTITY_A|2026-06|procure_to_pay|operating_expense,50000.000000,50000.000000,11760.000000,7563.000000,11760.000000,False,False
TXN0111,111,procure_to_pay,ENTITY_A,accrued_liability,invoice,SYNTH_VENDOR_10,2026-06,1734.000000,none,True,False,ORD_0111,ordinary_low_risk,1,AUTO_EXECUTE,TXN0111,AUTO_EXECUTE,within_fixed_threshold,,50000.000000,50000.000000,1734.000000,,,False,False,TXN0111,AUTO_EXECUTE,within_cumulative_budget,ENTITY_A|2026-06|procure_to_pay|accrued_liability,50000.000000,50000.000000,15453.000000,13719.000000,15453.000000,False,False
TXN0112,112,journal_entry_month_end_close,ENTITY_B,cash_clearing,standard_accrual,INTERNAL,2026-07,623.000000,none,True,False,ORD_0112,ordinary_low_risk,1,AUTO_EXECUTE,TXN0112,AUTO_EXECUTE,within_fixed_threshold,,50000.000000,50000.000000,623.000000,,,False,False,TXN0112,AUTO_EXECUTE,within_cumulative_budget,ENTITY_B|2026-07|journal_entry_month_end_close|cash_clearing,50000.000000,50000.000000,15636.000000,15013.000000,15636.000000,False,False
TXN0113,113,procure_to_pay,ENTITY_B,cash_clearing,invoice,SYNTH_VENDOR_03,2026-07,2530.000000,none,True,False,ORD_0113,ordinary_low_risk,1,AUTO_EXECUTE,TXN0113,AUTO_EXECUTE,within_fixed_threshold,,50000.000000,50000.000000,2530.000000,,,False,False,TXN0113,AUTO_EXECUTE,within_cumulative_budget,ENTITY_B|2026-07|procure_to_pay|cash_clearing,50000.000000,50000.000000,11939.000000,9409.000000,11939.000000,False,False
TXN0114,114,procure_to_pay,ENTITY_B,accrued_liability,invoice,SYNTH_VENDOR_05,2026-07,1802.000000,none,True,False,ORD_0114,ordinary_low_risk,1,AUTO_EXECUTE,TXN0114,AUTO_EXECUTE,within_fixed_threshold,,50000.000000,50000.000000,1802.000000,,,False,False,TXN0114,AUTO_EXECUTE,within_cumulative_budget,ENTITY_B|2026-07|procure_to_pay|accrued_liability,50000.000000,50000.000000,10365.000000,8563.000000,10365.000000,False,False
TXN0115,115,journal_entry_month_end_close,ENTITY_A,accrued_liability,standard_accrual,INTERNAL,2026-07,3165.000000,none,True,False,ORD_0115,ordinary_low_risk,1,AUTO_EXECUTE,TXN0115,AUTO_EXECUTE,within_fixed_threshold,,50000.000000,50000.000000,3165.000000,,,False,False,TXN0115,AUTO_EXECUTE,within_cumulative_budget,ENTITY_A|2026-07|journal_entry_month_end_close|accrued_liability,50000.000000,50000.000000,11148.000000,7983.000000,11148.000000,False,False
TXN0116,116,journal_entry_month_end_close,ENTITY_B,accrued_liability,standard_accrual,INTERNAL,2026-06,2295.000000,none,True,False,ORD_0116,ordinary_low_risk,1,AUTO_EXECUTE,TXN0116,AUTO_EXECUTE,within_fixed_threshold,,50000.000000,50000.000000,2295.000000,,,False,False,TXN0116,AUTO_EXECUTE,within_cumulative_budget,ENTITY_B|2026-06|journal_entry_month_end_close|accrued_liability,50000.000000,50000.000000,9398.000000,7103.000000,9398.000000,False,False
TXN0117,117,journal_entry_month_end_close,ENTITY_A,accrued_liability,standard_accrual,INTERNAL,2026-07,3213.000000,none,True,False,ORD_0117,ordinary_low_risk,1,AUTO_EXECUTE,TXN0117,AUTO_EXECUTE,within_fixed_threshold,,50000.000000,50000.000000,3213.000000,,,False,False,TXN0117,AUTO_EXECUTE,within_cumulative_budget,ENTITY_A|2026-07|journal_entry_month_end_close|accrued_liability,50000.000000,50000.000000,14361.000000,11148.000000,14361.000000,False,False
TXN0118,118,journal_entry_month_end_close,ENTITY_B,cash_clearing,standard_accrual,INTERNAL,2026-07,2099.000000,none,True,False,ORD_0118,ordinary_low_risk,1,AUTO_EXECUTE,TXN0118,AUTO_EXECUTE,within_fixed_threshold,,50000.000000,50000.000000,2099.000000,,,False,False,TXN0118,AUTO_EXECUTE,within_cumulative_budget,ENTITY_B|2026-07|journal_entry_month_end_close|cash_clearing,50000.000000,50000.000000,17735.000000,15636.000000,17735.000000,False,False
TXN0119,119,journal_entry_month_end_close,ENTITY_A,cash_clearing,standard_accrual,INTERNAL,2026-06,572.000000,none,True,False,ORD_0119,ordinary_low_risk,1,AUTO_EXECUTE,TXN0119,AUTO_EXECUTE,within_fixed_threshold,,50000.000000,50000.000000,572.000000,,,False,False,TXN0119,AUTO_EXECUTE,within_cumulative_budget,ENTITY_A|2026-06|journal_entry_month_end_close|cash_clearing,50000.000000,50000.000000,10729.000000,10157.000000,10729.000000,False,False
TXN0120,120,journal_entry_month_end_close,ENTITY_A,cash_clearing,standard_accrual,INTERNAL,2026-07,608.000000,none,True,False,ORD_0120,ordinary_low_risk,1,AUTO_EXECUTE,TXN0120,AUTO_EXECUTE,within_fixed_threshold,,50000.000000,50000.000000,608.000000,,,False,False,TXN0120,AUTO_EXECUTE,within_cumulative_budget,ENTITY_A|2026-07|journal_entry_month_end_close|cash_clearing,50000.000000,50000.000000,10939.000000,10331.000000,10939.000000,False,False
TXN0121,121,journal_entry_month_end_close,ENTITY_B,cash_clearing,standard_accrual,INTERNAL,2026-07,1317.000000,none,True,False,ORD_0121,ordinary_low_risk,1,AUTO_EXECUTE,TXN0121,AUTO_EXECUTE,within_fixed_threshold,,50000.000000,50000.000000,1317.000000,,,False,False,TXN0121,AUTO_EXECUTE,within_cumulative_budget,ENTITY_B|2026-07|journal_entry_month_end_close|cash_clearing,50000.000000,50000.000000,19052.000000,17735.000000,19052.000000,False,False
TXN0122,122,procure_to_pay,ENTITY_A,operating_expense,invoice,SYNTH_VENDOR_10,2026-06,650.000000,none,False,False,ORD_0122,ordinary_low_risk,1,AUTO_EXECUTE,TXN0122,AUTO_EXECUTE,within_fixed_threshold,,50000.000000,50000.000000,650.000000,,,False,False,TXN0122,AUTO_EXECUTE,within_cumulative_budget,ENTITY_A|2026-06|procure_to_pay|operating_expense,50000.000000,50000.000000,12410.000000,11760.000000,12410.000000,False,False
TXN0123,123,procure_to_pay,ENTITY_B,operating_expense,invoice,SYNTH_VENDOR_07,2026-06,713.000000,none,True,False,ORD_0123,ordinary_low_risk,1,AUTO_EXECUTE,TXN0123,AUTO_EXECUTE,within_fixed_threshold,,50000.000000,50000.000000,713.000000,,,False,False,TXN0123,AUTO_EXECUTE,within_cumulative_budget,ENTITY_B|2026-06|procure_to_pay|operating_expense,50000.000000,50000.000000,14361.000000,13648.000000,14361.000000,False,False
TXN0124,124,journal_entry_month_end_close,ENTITY_B,operating_expense,standard_accrual,INTERNAL,2026-07,642.000000,none,False,False,ORD_0124,ordinary_low_risk,1,AUTO_EXECUTE,TXN0124,AUTO_EXECUTE,within_fixed_threshold,,50000.000000,50000.000000,642.000000,,,False,False,TXN0124,AUTO_EXECUTE,within_cumulative_budget,ENTITY_B|2026-07|journal_entry_month_end_close|operating_expense,50000.000000,50000.000000,5672.000000,5030.000000,5672.000000,False,False
TXN0125,125,procure_to_pay,ENTITY_B,operating_expense,invoice,SYNTH_VENDOR_03,2026-07,2588.000000,none,True,False,ORD_0125,ordinary_low_risk,1,AUTO_EXECUTE,TXN0125,AUTO_EXECUTE,within_fixed_threshold,,50000.000000,50000.000000,2588.000000,,,False,False,TXN0125,AUTO_EXECUTE,within_cumulative_budget,ENTITY_B|2026-07|procure_to_pay|operating_expense,50000.000000,50000.000000,8178.000000,5590.000000,8178.000000,False,False
TXN0126,126,procure_to_pay,ENTITY_B,cash_clearing,invoice,SYNTH_VENDOR_06,2026-07,3180.000000,none,True,False,ORD_0126,ordinary_low_risk,1,AUTO_EXECUTE,TXN0126,AUTO_EXECUTE,within_fixed_threshold,,50000.000000,50000.000000,3180.000000,,,False,False,TXN0126,AUTO_EXECUTE,within_cumulative_budget,ENTITY_B|2026-07|procure_to_pay|cash_clearing,50000.000000,50000.000000,15119.000000,11939.000000,15119.000000,False,False
TXN0127,127,journal_entry_month_end_close,ENTITY_A,operating_expense,standard_accrual,INTERNAL,2026-07,2224.000000,none,True,False,ORD_0127,ordinary_low_risk,1,AUTO_EXECUTE,TXN0127,AUTO_EXECUTE,within_fixed_threshold,,50000.000000,50000.000000,2224.000000,,,False,False,TXN0127,AUTO_EXECUTE,within_cumulative_budget,ENTITY_A|2026-07|journal_entry_month_end_close|operating_expense,50000.000000,50000.000000,10957.000000,8733.000000,10957.000000,False,False
TXN0128,128,journal_entry_month_end_close,ENTITY_A,cash_clearing,standard_accrual,INTERNAL,2026-07,2249.000000,none,True,False,ORD_0128,ordinary_low_risk,1,AUTO_EXECUTE,TXN0128,AUTO_EXECUTE,within_fixed_threshold,,50000.000000,50000.000000,2249.000000,,,False,False,TXN0128,AUTO_EXECUTE,within_cumulative_budget,ENTITY_A|2026-07|journal_entry_month_end_close|cash_clearing,50000.000000,50000.000000,13188.000000,10939.000000,13188.000000,False,False
TXN0129,129,procure_to_pay,ENTITY_B,accrued_liability,invoice,SYNTH_VENDOR_01,2026-07,1813.000000,none,True,False,ORD_0129,ordinary_low_risk,1,AUTO_EXECUTE,TXN0129,AUTO_EXECUTE,within_fixed_threshold,,50000.000000,50000.000000,1813.000000,,,False,False,TXN0129,AUTO_EXECUTE,within_cumulative_budget,ENTITY_B|2026-07|procure_to_pay|accrued_liability,50000.000000,50000.000000,12178.000000,10365.000000,12178.000000,False,False
TXN0130,130,procure_to_pay,ENTITY_B,operating_expense,invoice,SYNTH_VENDOR_02,2026-06,2934.000000,none,True,False,ORD_0130,ordinary_low_risk,1,AUTO_EXECUTE,TXN0130,AUTO_EXECUTE,within_fixed_threshold,,50000.000000,50000.000000,2934.000000,,,False,False,TXN0130,AUTO_EXECUTE,within_cumulative_budget,ENTITY_B|2026-06|procure_to_pay|operating_expense,50000.000000,50000.000000,17295.000000,14361.000000,17295.000000,False,False
TXN0131,131,procure_to_pay,ENTITY_B,accrued_liability,invoice,SYNTH_VENDOR_07,2026-06,3488.000000,none,True,False,ORD_0131,ordinary_low_risk,1,AUTO_EXECUTE,TXN0131,AUTO_EXECUTE,within_fixed_threshold,,50000.000000,50000.000000,3488.000000,,,False,False,TXN0131,AUTO_EXECUTE,within_cumulative_budget,ENTITY_B|2026-06|procure_to_pay|accrued_liability,50000.000000,50000.000000,9353.000000,5865.000000,9353.000000,False,False
TXN0132,132,journal_entry_month_end_close,ENTITY_A,operating_expense,standard_accrual,INTERNAL,2026-06,2575.000000,none,True,False,ORD_0132,ordinary_low_risk,1,AUTO_EXECUTE,TXN0132,AUTO_EXECUTE,within_fixed_threshold,,50000.000000,50000.000000,2575.000000,,,False,False,TXN0132,AUTO_EXECUTE,within_cumulative_budget,ENTITY_A|2026-06|journal_entry_month_end_close|operating_expense,50000.000000,50000.000000,13402.000000,10827.000000,13402.000000,False,False
TXN0133,133,journal_entry_month_end_close,ENTITY_B,cash_clearing,standard_accrual,INTERNAL,2026-06,3713.000000,none,True,False,ORD_0133,ordinary_low_risk,1,AUTO_EXECUTE,TXN0133,AUTO_EXECUTE,within_fixed_threshold,,50000.000000,50000.000000,3713.000000,,,False,False,TXN0133,AUTO_EXECUTE,within_cumulative_budget,ENTITY_B|2026-06|journal_entry_month_end_close|cash_clearing,50000.000000,50000.000000,22059.000000,18346.000000,22059.000000,False,False
TXN0134,134,procure_to_pay,ENTITY_A,operating_expense,invoice,SYNTH_VENDOR_11,2026-07,2524.000000,none,True,False,ORD_0134,ordinary_low_risk,1,AUTO_EXECUTE,TXN0134,AUTO_EXECUTE,within_fixed_threshold,,50000.000000,50000.000000,2524.000000,,,False,False,TXN0134,AUTO_EXECUTE,within_cumulative_budget,ENTITY_A|2026-07|procure_to_pay|operating_expense,50000.000000,50000.000000,17027.000000,14503.000000,17027.000000,False,False
TXN0135,135,procure_to_pay,ENTITY_A,accrued_liability,invoice,SYNTH_VENDOR_08,2026-06,1250.000000,none,True,False,ORD_0135,ordinary_low_risk,1,AUTO_EXECUTE,TXN0135,AUTO_EXECUTE,within_fixed_threshold,,50000.000000,50000.000000,1250.000000,,,False,False,TXN0135,AUTO_EXECUTE,within_cumulative_budget,ENTITY_A|2026-06|procure_to_pay|accrued_liability,50000.000000,50000.000000,16703.000000,15453.000000,16703.000000,False,False
TXN0136,136,procure_to_pay,ENTITY_A,accrued_liability,invoice,SYNTH_VENDOR_10,2026-07,2497.000000,none,True,False,ORD_0136,ordinary_low_risk,1,AUTO_EXECUTE,TXN0136,AUTO_EXECUTE,within_fixed_threshold,,50000.000000,50000.000000,2497.000000,,,False,False,TXN0136,AUTO_EXECUTE,within_cumulative_budget,ENTITY_A|2026-07|procure_to_pay|accrued_liability,50000.000000,50000.000000,6328.000000,3831.000000,6328.000000,False,False
TXN0137,137,procure_to_pay,ENTITY_B,accrued_liability,invoice,SYNTH_VENDOR_08,2026-07,635.000000,none,True,False,ORD_0137,ordinary_low_risk,1,AUTO_EXECUTE,TXN0137,AUTO_EXECUTE,within_fixed_threshold,,50000.000000,50000.000000,635.000000,,,False,False,TXN0137,AUTO_EXECUTE,within_cumulative_budget,ENTITY_B|2026-07|procure_to_pay|accrued_liability,50000.000000,50000.000000,12813.000000,12178.000000,12813.000000,False,False
TXN0138,138,procure_to_pay,ENTITY_B,accrued_liability,invoice,SYNTH_VENDOR_05,2026-06,1665.000000,none,True,False,ORD_0138,ordinary_low_risk,1,AUTO_EXECUTE,TXN0138,AUTO_EXECUTE,within_fixed_threshold,,50000.000000,50000.000000,1665.000000,,,False,False,TXN0138,AUTO_EXECUTE,within_cumulative_budget,ENTITY_B|2026-06|procure_to_pay|accrued_liability,50000.000000,50000.000000,11018.000000,9353.000000,11018.000000,False,False
TXN0139,139,journal_entry_month_end_close,ENTITY_A,cash_clearing,standard_accrual,INTERNAL,2026-07,3342.000000,none,False,False,ORD_0139,ordinary_low_risk,1,AUTO_EXECUTE,TXN0139,AUTO_EXECUTE,within_fixed_threshold,,50000.000000,50000.000000,3342.000000,,,False,False,TXN0139,AUTO_EXECUTE,within_cumulative_budget,ENTITY_A|2026-07|journal_entry_month_end_close|cash_clearing,50000.000000,50000.000000,16530.000000,13188.000000,16530.000000,False,False
TXN0140,140,procure_to_pay,ENTITY_A,cash_clearing,invoice,SYNTH_VENDOR_10,2026-07,1825.000000,none,True,False,ORD_0140,ordinary_low_risk,1,AUTO_EXECUTE,TXN0140,AUTO_EXECUTE,within_fixed_threshold,,50000.000000,50000.000000,1825.000000,,,False,False,TXN0140,AUTO_EXECUTE,within_cumulative_budget,ENTITY_A|2026-07|procure_to_pay|cash_clearing,50000.000000,50000.000000,10324.000000,8499.000000,10324.000000,False,False
TXN0141,141,journal_entry_month_end_close,ENTITY_B,operating_expense,standard_accrual,INTERNAL,2026-06,2219.000000,none,True,False,ORD_0141,ordinary_low_risk,1,AUTO_EXECUTE,TXN0141,AUTO_EXECUTE,within_fixed_threshold,,50000.000000,50000.000000,2219.000000,,,False,False,TXN0141,AUTO_EXECUTE,within_cumulative_budget,ENTITY_B|2026-06|journal_entry_month_end_close|operating_expense,50000.000000,50000.000000,10848.000000,8629.000000,10848.000000,False,False
TXN0142,142,procure_to_pay,ENTITY_A,cash_clearing,invoice,SYNTH_VENDOR_04,2026-06,988.000000,none,True,False,ORD_0142,ordinary_low_risk,1,AUTO_EXECUTE,TXN0142,AUTO_EXECUTE,within_fixed_threshold,,50000.000000,50000.000000,988.000000,,,False,False,TXN0142,AUTO_EXECUTE,within_cumulative_budget,ENTITY_A|2026-06|procure_to_pay|cash_clearing,50000.000000,50000.000000,9791.000000,8803.000000,9791.000000,False,False
TXN0143,143,journal_entry_month_end_close,ENTITY_A,cash_clearing,standard_accrual,INTERNAL,2026-06,1134.000000,none,True,False,ORD_0143,ordinary_low_risk,1,AUTO_EXECUTE,TXN0143,AUTO_EXECUTE,within_fixed_threshold,,50000.000000,50000.000000,1134.000000,,,False,False,TXN0143,AUTO_EXECUTE,within_cumulative_budget,ENTITY_A|2026-06|journal_entry_month_end_close|cash_clearing,50000.000000,50000.000000,11863.000000,10729.000000,11863.000000,False,False
TXN0144,144,procure_to_pay,ENTITY_B,operating_expense,invoice,SYNTH_VENDOR_07,2026-06,2389.000000,none,True,False,ORD_0144,ordinary_low_risk,1,AUTO_EXECUTE,TXN0144,AUTO_EXECUTE,within_fixed_threshold,,50000.000000,50000.000000,2389.000000,,,False,False,TXN0144,AUTO_EXECUTE,within_cumulative_budget,ENTITY_B|2026-06|procure_to_pay|operating_expense,50000.000000,50000.000000,19684.000000,17295.000000,19684.000000,False,False
TXN0145,145,procure_to_pay,ENTITY_B,cash_clearing,invoice,SYNTH_VENDOR_11,2026-07,976.000000,none,True,False,ORD_0145,ordinary_low_risk,1,AUTO_EXECUTE,TXN0145,AUTO_EXECUTE,within_fixed_threshold,,50000.000000,50000.000000,976.000000,,,False,False,TXN0145,AUTO_EXECUTE,within_cumulative_budget,ENTITY_B|2026-07|procure_to_pay|cash_clearing,50000.000000,50000.000000,16095.000000,15119.000000,16095.000000,False,False
TXN0146,146,journal_entry_month_end_close,ENTITY_A,aggregation_test,standard_accrual,INTERNAL,2026-07,9200.000000,none,True,False,AGG_JE,aggregation_pressure,1,AUTO_EXECUTE,TXN0146,AUTO_EXECUTE,within_fixed_threshold,,50000.000000,50000.000000,9200.000000,,,False,False,TXN0146,AUTO_EXECUTE,within_cumulative_budget,ENTITY_A|2026-07|journal_entry_month_end_close|aggregation_test,50000.000000,50000.000000,9200.000000,0.000000,9200.000000,False,False
TXN0147,147,journal_entry_month_end_close,ENTITY_A,aggregation_test,standard_accrual,INTERNAL,2026-07,8800.000000,none,True,False,AGG_JE,aggregation_pressure,2,AUTO_EXECUTE,TXN0147,AUTO_EXECUTE,within_fixed_threshold,,50000.000000,50000.000000,8800.000000,,,False,False,TXN0147,AUTO_EXECUTE,within_cumulative_budget,ENTITY_A|2026-07|journal_entry_month_end_close|aggregation_test,50000.000000,50000.000000,18000.000000,9200.000000,18000.000000,False,False
TXN0148,148,journal_entry_month_end_close,ENTITY_A,aggregation_test,standard_accrual,INTERNAL,2026-07,9100.000000,none,True,False,AGG_JE,aggregation_pressure,3,AUTO_EXECUTE,TXN0148,AUTO_EXECUTE,within_fixed_threshold,,50000.000000,50000.000000,9100.000000,,,False,False,TXN0148,AUTO_EXECUTE,within_cumulative_budget,ENTITY_A|2026-07|journal_entry_month_end_close|aggregation_test,50000.000000,50000.000000,27100.000000,18000.000000,27100.000000,False,False
TXN0149,149,journal_entry_month_end_close,ENTITY_A,aggregation_test,standard_accrual,INTERNAL,2026-07,8900.000000,none,True,False,AGG_JE,aggregation_pressure,4,AUTO_EXECUTE,TXN0149,AUTO_EXECUTE,within_fixed_threshold,,50000.000000,50000.000000,8900.000000,,,False,False,TXN0149,AUTO_EXECUTE,within_cumulative_budget,ENTITY_A|2026-07|journal_entry_month_end_close|aggregation_test,50000.000000,50000.000000,36000.000000,27100.000000,36000.000000,False,False
TXN0150,150,journal_entry_month_end_close,ENTITY_A,aggregation_test,standard_accrual,INTERNAL,2026-07,9000.000000,none,True,False,AGG_JE,aggregation_pressure,5,INDEPENDENT_REVIEW,TXN0150,AUTO_EXECUTE,within_fixed_threshold,,50000.000000,50000.000000,9000.000000,,,False,False,TXN0150,AUTO_EXECUTE,within_cumulative_budget,ENTITY_A|2026-07|journal_entry_month_end_close|aggregation_test,50000.000000,50000.000000,45000.000000,36000.000000,45000.000000,False,False
TXN0151,151,journal_entry_month_end_close,ENTITY_A,aggregation_test,standard_accrual,INTERNAL,2026-07,9300.000000,none,True,False,AGG_JE,aggregation_pressure,6,INDEPENDENT_REVIEW,TXN0151,AUTO_EXECUTE,within_fixed_threshold,,50000.000000,50000.000000,9300.000000,,,False,False,TXN0151,INDEPENDENT_REVIEW,projected_usage_above_budget,ENTITY_A|2026-07|journal_entry_month_end_close|aggregation_test,50000.000000,50000.000000,54300.000000,45000.000000,45000.000000,False,False
TXN0152,152,journal_entry_month_end_close,ENTITY_A,aggregation_test,standard_accrual,INTERNAL,2026-07,8700.000000,none,True,False,AGG_JE,aggregation_pressure,7,INDEPENDENT_REVIEW,TXN0152,AUTO_EXECUTE,within_fixed_threshold,,50000.000000,50000.000000,8700.000000,,,False,False,TXN0152,INDEPENDENT_REVIEW,projected_usage_above_budget,ENTITY_A|2026-07|journal_entry_month_end_close|aggregation_test,50000.000000,50000.000000,53700.000000,45000.000000,45000.000000,False,False
TXN0153,153,journal_entry_month_end_close,ENTITY_A,aggregation_test,standard_accrual,INTERNAL,2026-07,9150.000000,none,True,False,AGG_JE,aggregation_pressure,8,INDEPENDENT_REVIEW,TXN0153,AUTO_EXECUTE,within_fixed_threshold,,50000.000000,50000.000000,9150.000000,,,False,False,TXN0153,INDEPENDENT_REVIEW,projected_usage_above_budget,ENTITY_A|2026-07|journal_entry_month_end_close|aggregation_test,50000.000000,50000.000000,54150.000000,45000.000000,45000.000000,False,False
TXN0154,154,journal_entry_month_end_close,ENTITY_A,aggregation_test,standard_accrual,INTERNAL,2026-07,8850.000000,none,True,False,AGG_JE,aggregation_pressure,9,INDEPENDENT_REVIEW,TXN0154,AUTO_EXECUTE,within_fixed_threshold,,50000.000000,50000.000000,8850.000000,,,False,False,TXN0154,INDEPENDENT_REVIEW,projected_usage_above_budget,ENTITY_A|2026-07|journal_entry_month_end_close|aggregation_test,50000.000000,50000.000000,53850.000000,45000.000000,45000.000000,False,False
TXN0155,155,journal_entry_month_end_close,ENTITY_A,aggregation_test,standard_accrual,INTERNAL,2026-07,9050.000000,none,True,False,AGG_JE,aggregation_pressure,10,INDEPENDENT_REVIEW,TXN0155,AUTO_EXECUTE,within_fixed_threshold,,50000.000000,50000.000000,9050.000000,,,False,False,TXN0155,INDEPENDENT_REVIEW,projected_usage_above_budget,ENTITY_A|2026-07|journal_entry_month_end_close|aggregation_test,50000.000000,50000.000000,54050.000000,45000.000000,45000.000000,False,False
TXN0156,156,procure_to_pay,ENTITY_B,qualitative_risk,payment,SYNTH_VENDOR_FLAG,2026-07,1000.000000,related_party_activity,True,False,QUAL_01,qualitative_risk,1,INDEPENDENT_REVIEW,TXN0156,INDEPENDENT_REVIEW,qualitative_override:related_party_activity,,50000.000000,50000.000000,1000.000000,,,False,False,TXN0156,INDEPENDENT_REVIEW,qualitative_override:related_party_activity,ENTITY_B|2026-07|procure_to_pay|qualitative_risk,50000.000000,50000.000000,1000.000000,0.000000,0.000000,False,False
TXN0157,157,procure_to_pay,ENTITY_B,qualitative_risk,payment,SYNTH_VENDOR_FLAG,2026-07,1275.000000,vendor_bank_detail_change,False,False,QUAL_02,qualitative_risk,1,BLOCK,TXN0157,BLOCK,qualitative_override:vendor_bank_detail_change,,50000.000000,50000.000000,1275.000000,,,False,False,TXN0157,BLOCK,qualitative_override:vendor_bank_detail_change,ENTITY_B|2026-07|procure_to_pay|qualitative_risk,50000.000000,50000.000000,1275.000000,0.000000,0.000000,False,False
TXN0158,158,journal_entry_month_end_close,ENTITY_B,qualitative_risk,manual_adjustment,INTERNAL,2026-07,1550.000000,unusual_non_standard_journal,True,False,QUAL_03,qualitative_risk,1,INDEPENDENT_REVIEW,TXN0158,INDEPENDENT_REVIEW,qualitative_override:unusual_non_standard_journal,,50000.000000,50000.000000,1550.000000,,,False,False,TXN0158,INDEPENDENT_REVIEW,qualitative_override:unusual_non_standard_journal,ENTITY_B|2026-07|journal_entry_month_end_close|qualitative_risk,50000.000000,50000.000000,1550.000000,0.000000,0.000000,False,False
TXN0159,159,journal_entry_month_end_close,ENTITY_B,qualitative_risk,manual_adjustment,INTERNAL,2026-07,1825.000000,management_override_indicator,False,False,QUAL_04,qualitative_risk,1,BLOCK,TXN0159,BLOCK,qualitative_override:management_override_indicator,,50000.000000,50000.000000,1825.000000,,,False,False,TXN0159,BLOCK,qualitative_override:management_override_indicator,ENTITY_B|2026-07|journal_entry_month_end_close|qualitative_risk,50000.000000,50000.000000,1825.000000,0.000000,0.000000,False,False
TXN0160,160,journal_entry_month_end_close,ENTITY_B,qualitative_risk,manual_adjustment,INTERNAL,2026-07,2100.000000,period_end_adjustment,True,False,QUAL_05,qualitative_risk,1,INDEPENDENT_REVIEW,TXN0160,INDEPENDENT_REVIEW,qualitative_override:period_end_adjustment,,50000.000000,50000.000000,2100.000000,,,False,False,TXN0160,INDEPENDENT_REVIEW,qualitative_override:period_end_adjustment,ENTITY_B|2026-07|journal_entry_month_end_close|qualitative_risk,50000.000000,50000.000000,2100.000000,0.000000,0.000000,False,False
TXN0161,161,procure_to_pay,ENTITY_B,qualitative_risk,payment,SYNTH_VENDOR_FLAG,2026-07,2375.000000,related_party_activity,True,False,QUAL_06,qualitative_risk,1,INDEPENDENT_REVIEW,TXN0161,INDEPENDENT_REVIEW,qualitative_override:related_party_activity,,50000.000000,50000.000000,2375.000000,,,False,False,TXN0161,INDEPENDENT_REVIEW,qualitative_override:related_party_activity,ENTITY_B|2026-07|procure_to_pay|qualitative_risk,50000.000000,50000.000000,2375.000000,0.000000,0.000000,False,False
TXN0162,162,procure_to_pay,ENTITY_B,qualitative_risk,payment,SYNTH_VENDOR_FLAG,2026-07,2650.000000,vendor_bank_detail_change,False,False,QUAL_07,qualitative_risk,1,BLOCK,TXN0162,BLOCK,qualitative_override:vendor_bank_detail_change,,50000.000000,50000.000000,2650.000000,,,False,False,TXN0162,BLOCK,qualitative_override:vendor_bank_detail_change,ENTITY_B|2026-07|procure_to_pay|qualitative_risk,50000.000000,50000.000000,2650.000000,0.000000,0.000000,False,False
TXN0163,163,journal_entry_month_end_close,ENTITY_B,qualitative_risk,manual_adjustment,INTERNAL,2026-07,2925.000000,unusual_non_standard_journal,True,False,QUAL_08,qualitative_risk,1,INDEPENDENT_REVIEW,TXN0163,INDEPENDENT_REVIEW,qualitative_override:unusual_non_standard_journal,,50000.000000,50000.000000,2925.000000,,,False,False,TXN0163,INDEPENDENT_REVIEW,qualitative_override:unusual_non_standard_journal,ENTITY_B|2026-07|journal_entry_month_end_close|qualitative_risk,50000.000000,50000.000000,2925.000000,0.000000,0.000000,False,False
TXN0164,164,journal_entry_month_end_close,ENTITY_B,qualitative_risk,manual_adjustment,INTERNAL,2026-07,3200.000000,management_override_indicator,False,False,QUAL_09,qualitative_risk,1,BLOCK,TXN0164,BLOCK,qualitative_override:management_override_indicator,,50000.000000,50000.000000,3200.000000,,,False,False,TXN0164,BLOCK,qualitative_override:management_override_indicator,ENTITY_B|2026-07|journal_entry_month_end_close|qualitative_risk,50000.000000,50000.000000,3200.000000,0.000000,0.000000,False,False
TXN0165,165,journal_entry_month_end_close,ENTITY_B,qualitative_risk,manual_adjustment,INTERNAL,2026-07,3475.000000,period_end_adjustment,True,False,QUAL_10,qualitative_risk,1,INDEPENDENT_REVIEW,TXN0165,INDEPENDENT_REVIEW,qualitative_override:period_end_adjustment,,50000.000000,50000.000000,3475.000000,,,False,False,TXN0165,INDEPENDENT_REVIEW,qualitative_override:period_end_adjustment,ENTITY_B|2026-07|journal_entry_month_end_close|qualitative_risk,50000.000000,50000.000000,3475.000000,0.000000,0.000000,False,False
TXN0166,166,procure_to_pay,ENTITY_B,qualitative_risk,payment,SYNTH_VENDOR_FLAG,2026-07,3750.000000,related_party_activity,True,False,QUAL_11,qualitative_risk,1,INDEPENDENT_REVIEW,TXN0166,INDEPENDENT_REVIEW,qualitative_override:related_party_activity,,50000.000000,50000.000000,3750.000000,,,False,False,TXN0166,INDEPENDENT_REVIEW,qualitative_override:related_party_activity,ENTITY_B|2026-07|procure_to_pay|qualitative_risk,50000.000000,50000.000000,3750.000000,0.000000,0.000000,False,False
TXN0167,167,procure_to_pay,ENTITY_B,qualitative_risk,payment,SYNTH_VENDOR_FLAG,2026-07,4025.000000,vendor_bank_detail_change,False,False,QUAL_12,qualitative_risk,1,BLOCK,TXN0167,BLOCK,qualitative_override:vendor_bank_detail_change,,50000.000000,50000.000000,4025.000000,,,False,False,TXN0167,BLOCK,qualitative_override:vendor_bank_detail_change,ENTITY_B|2026-07|procure_to_pay|qualitative_risk,50000.000000,50000.000000,4025.000000,0.000000,0.000000,False,False
TXN0168,168,procure_to_pay,ENTITY_A,large_value_account,invoice,SYNTH_VENDOR_L1,2026-07,55000.000000,none,True,False,LARGE_01,isolated_large,1,INDEPENDENT_REVIEW,TXN0168,INDEPENDENT_REVIEW,amount_above_fixed_threshold,,50000.000000,50000.000000,55000.000000,,,False,False,TXN0168,INDEPENDENT_REVIEW,projected_usage_above_budget,ENTITY_A|2026-07|procure_to_pay|large_value_account,50000.000000,50000.000000,55000.000000,0.000000,0.000000,False,False
TXN0169,169,journal_entry_month_end_close,ENTITY_A,large_value_account,standard_accrual,INTERNAL,2026-07,62500.000000,none,True,False,LARGE_02,isolated_large,1,INDEPENDENT_REVIEW,TXN0169,INDEPENDENT_REVIEW,amount_above_fixed_threshold,,50000.000000,50000.000000,62500.000000,,,False,False,TXN0169,INDEPENDENT_REVIEW,projected_usage_above_budget,ENTITY_A|2026-07|journal_entry_month_end_close|large_value_account,50000.000000,50000.000000,62500.000000,0.000000,0.000000,False,False
TXN0170,170,procure_to_pay,ENTITY_A,large_value_account,invoice,SYNTH_VENDOR_L3,2026-07,71000.000000,none,True,False,LARGE_03,isolated_large,1,INDEPENDENT_REVIEW,TXN0170,INDEPENDENT_REVIEW,amount_above_fixed_threshold,,50000.000000,50000.000000,71000.000000,,,False,False,TXN0170,INDEPENDENT_REVIEW,projected_usage_above_budget,ENTITY_A|2026-07|procure_to_pay|large_value_account,50000.000000,50000.000000,71000.000000,0.000000,0.000000,False,False
TXN0171,171,journal_entry_month_end_close,ENTITY_A,large_value_account,standard_accrual,INTERNAL,2026-07,83000.000000,none,True,False,LARGE_04,isolated_large,1,INDEPENDENT_REVIEW,TXN0171,INDEPENDENT_REVIEW,amount_above_fixed_threshold,,50000.000000,50000.000000,83000.000000,,,False,False,TXN0171,INDEPENDENT_REVIEW,projected_usage_above_budget,ENTITY_A|2026-07|journal_entry_month_end_close|large_value_account,50000.000000,50000.000000,83000.000000,0.000000,0.000000,False,False
TXN0172,172,procure_to_pay,ENTITY_B,large_value_account,invoice,SYNTH_VENDOR_L5,2026-07,95000.000000,none,True,False,LARGE_05,isolated_large,1,INDEPENDENT_REVIEW,TXN0172,INDEPENDENT_REVIEW,amount_above_fixed_threshold,,50000.000000,50000.000000,95000.000000,,,False,False,TXN0172,INDEPENDENT_REVIEW,projected_usage_above_budget,ENTITY_B|2026-07|procure_to_pay|large_value_account,50000.000000,50000.000000,95000.000000,0.000000,0.000000,False,False
TXN0173,173,journal_entry_month_end_close,ENTITY_B,large_value_account,standard_accrual,INTERNAL,2026-07,58500.000000,none,True,False,LARGE_06,isolated_large,1,INDEPENDENT_REVIEW,TXN0173,INDEPENDENT_REVIEW,amount_above_fixed_threshold,,50000.000000,50000.000000,58500.000000,,,False,False,TXN0173,INDEPENDENT_REVIEW,projected_usage_above_budget,ENTITY_B|2026-07|journal_entry_month_end_close|large_value_account,50000.000000,50000.000000,58500.000000,0.000000,0.000000,False,False
TXN0174,174,procure_to_pay,ENTITY_B,large_value_account,invoice,SYNTH_VENDOR_L7,2026-07,76000.000000,none,True,False,LARGE_07,isolated_large,1,INDEPENDENT_REVIEW,TXN0174,INDEPENDENT_REVIEW,amount_above_fixed_threshold,,50000.000000,50000.000000,76000.000000,,,False,False,TXN0174,INDEPENDENT_REVIEW,projected_usage_above_budget,ENTITY_B|2026-07|procure_to_pay|large_value_account,50000.000000,50000.000000,76000.000000,0.000000,0.000000,False,False
TXN0175,175,journal_entry_month_end_close,ENTITY_B,large_value_account,standard_accrual,INTERNAL,2026-07,88000.000000,none,True,False,LARGE_08,isolated_large,1,INDEPENDENT_REVIEW,TXN0175,INDEPENDENT_REVIEW,amount_above_fixed_threshold,,50000.000000,50000.000000,88000.000000,,,False,False,TXN0175,INDEPENDENT_REVIEW,projected_usage_above_budget,ENTITY_B|2026-07|journal_entry_month_end_close|large_value_account,50000.000000,50000.000000,88000.000000,0.000000,0.000000,False,False
TXN0176,176,journal_entry_month_end_close,ENTITY_B,post_error_adjustments,manual_adjustment,INTERNAL,2026-07,4500.000000,management_override_indicator,False,True,ERROR_SIGNAL,confirmed_error_signal,1,BLOCK,TXN0176,BLOCK,qualitative_override:management_override_indicator,,50000.000000,50000.000000,4500.000000,,,False,False,TXN0176,BLOCK,qualitative_override:management_override_indicator,ENTITY_B|2026-07|journal_entry_month_end_close|post_error_adjustments,50000.000000,50000.000000,4500.000000,0.000000,0.000000,False,True
TXN0177,177,journal_entry_month_end_close,ENTITY_B,post_error_adjustments,manual_adjustment,INTERNAL,2026-07,6500.000000,none,True,False,POST_ERROR,post_error_accumulation,1,AUTO_EXECUTE,TXN0177,AUTO_EXECUTE,within_fixed_threshold,,50000.000000,50000.000000,6500.000000,,,False,False,TXN0177,AUTO_EXECUTE,within_cumulative_budget,ENTITY_B|2026-07|journal_entry_month_end_close|post_error_adjustments,50000.000000,25000.000000,6500.000000,0.000000,6500.000000,True,False
TXN0178,178,journal_entry_month_end_close,ENTITY_B,post_error_adjustments,manual_adjustment,INTERNAL,2026-07,7000.000000,none,True,False,POST_ERROR,post_error_accumulation,2,AUTO_EXECUTE,TXN0178,AUTO_EXECUTE,within_fixed_threshold,,50000.000000,50000.000000,7000.000000,,,False,False,TXN0178,AUTO_EXECUTE,within_cumulative_budget,ENTITY_B|2026-07|journal_entry_month_end_close|post_error_adjustments,50000.000000,25000.000000,13500.000000,6500.000000,13500.000000,True,False
TXN0179,179,journal_entry_month_end_close,ENTITY_B,post_error_adjustments,manual_adjustment,INTERNAL,2026-07,6200.000000,none,True,False,POST_ERROR,post_error_accumulation,3,AUTO_EXECUTE,TXN0179,AUTO_EXECUTE,within_fixed_threshold,,50000.000000,50000.000000,6200.000000,,,False,False,TXN0179,AUTO_EXECUTE,within_cumulative_budget,ENTITY_B|2026-07|journal_entry_month_end_close|post_error_adjustments,50000.000000,25000.000000,19700.000000,13500.000000,19700.000000,True,False
TXN0180,180,journal_entry_month_end_close,ENTITY_B,post_error_adjustments,manual_adjustment,INTERNAL,2026-07,6800.000000,none,True,False,POST_ERROR,post_error_accumulation,4,INDEPENDENT_REVIEW,TXN0180,AUTO_EXECUTE,within_fixed_threshold,,50000.000000,50000.000000,6800.000000,,,False,False,TXN0180,INDEPENDENT_REVIEW,projected_usage_above_budget,ENTITY_B|2026-07|journal_entry_month_end_close|post_error_adjustments,50000.000000,25000.000000,26500.000000,19700.000000,19700.000000,True,False
TXN0181,181,journal_entry_month_end_close,ENTITY_B,post_error_adjustments,manual_adjustment,INTERNAL,2026-07,6400.000000,none,True,False,POST_ERROR,post_error_accumulation,5,INDEPENDENT_REVIEW,TXN0181,AUTO_EXECUTE,within_fixed_threshold,,50000.000000,50000.000000,6400.000000,,,False,False,TXN0181,INDEPENDENT_REVIEW,projected_usage_above_budget,ENTITY_B|2026-07|journal_entry_month_end_close|post_error_adjustments,50000.000000,25000.000000,26100.000000,19700.000000,19700.000000,True,False
TXN0182,182,journal_entry_month_end_close,ENTITY_B,post_error_adjustments,manual_adjustment,INTERNAL,2026-07,7100.000000,none,True,False,POST_ERROR,post_error_accumulation,6,INDEPENDENT_REVIEW,TXN0182,AUTO_EXECUTE,within_fixed_threshold,,50000.000000,50000.000000,7100.000000,,,False,False,TXN0182,INDEPENDENT_REVIEW,projected_usage_above_budget,ENTITY_B|2026-07|journal_entry_month_end_close|post_error_adjustments,50000.000000,25000.000000,26800.000000,19700.000000,19700.000000,True,False
TXN0183,183,journal_entry_month_end_close,ENTITY_B,post_error_adjustments,manual_adjustment,INTERNAL,2026-07,6300.000000,none,True,False,POST_ERROR,post_error_accumulation,7,INDEPENDENT_REVIEW,TXN0183,AUTO_EXECUTE,within_fixed_threshold,,50000.000000,50000.000000,6300.000000,,,False,False,TXN0183,INDEPENDENT_REVIEW,projected_usage_above_budget,ENTITY_B|2026-07|journal_entry_month_end_close|post_error_adjustments,50000.000000,25000.000000,26000.000000,19700.000000,19700.000000,True,False
TXN0184,184,journal_entry_month_end_close,ENTITY_B,post_error_adjustments,manual_adjustment,INTERNAL,2026-07,6900.000000,none,True,False,POST_ERROR,post_error_accumulation,8,INDEPENDENT_REVIEW,TXN0184,AUTO_EXECUTE,within_fixed_threshold,,50000.000000,50000.000000,6900.000000,,,False,False,TXN0184,INDEPENDENT_REVIEW,projected_usage_above_budget,ENTITY_B|2026-07|journal_entry_month_end_close|post_error_adjustments,50000.000000,25000.000000,26600.000000,19700.000000,19700.000000,True,False
TXN0185,185,journal_entry_month_end_close,ENTITY_B,post_error_adjustments,manual_adjustment,INTERNAL,2026-07,6600.000000,none,True,False,POST_ERROR,post_error_accumulation,9,INDEPENDENT_REVIEW,TXN0185,AUTO_EXECUTE,within_fixed_threshold,,50000.000000,50000.000000,6600.000000,,,False,False,TXN0185,INDEPENDENT_REVIEW,projected_usage_above_budget,ENTITY_B|2026-07|journal_entry_month_end_close|post_error_adjustments,50000.000000,25000.000000,26300.000000,19700.000000,19700.000000,True,False
TXN0186,186,journal_entry_month_end_close,ENTITY_B,post_error_adjustments,manual_adjustment,INTERNAL,2026-07,7200.000000,none,True,False,POST_ERROR,post_error_accumulation,10,INDEPENDENT_REVIEW,TXN0186,AUTO_EXECUTE,within_fixed_threshold,,50000.000000,50000.000000,7200.000000,,,False,False,TXN0186,INDEPENDENT_REVIEW,projected_usage_above_budget,ENTITY_B|2026-07|journal_entry_month_end_close|post_error_adjustments,50000.000000,25000.000000,26900.000000,19700.000000,19700.000000,True,False
TXN0187,187,journal_entry_month_end_close,ENTITY_B,post_error_adjustments,manual_adjustment,INTERNAL,2026-07,6100.000000,none,True,False,POST_ERROR,post_error_accumulation,11,INDEPENDENT_REVIEW,TXN0187,AUTO_EXECUTE,within_fixed_threshold,,50000.000000,50000.000000,6100.000000,,,False,False,TXN0187,INDEPENDENT_REVIEW,projected_usage_above_budget,ENTITY_B|2026-07|journal_entry_month_end_close|post_error_adjustments,50000.000000,25000.000000,25800.000000,19700.000000,19700.000000,True,False
TXN0188,188,journal_entry_month_end_close,ENTITY_B,post_error_adjustments,manual_adjustment,INTERNAL,2026-07,6750.000000,none,True,False,POST_ERROR,post_error_accumulation,12,INDEPENDENT_REVIEW,TXN0188,AUTO_EXECUTE,within_fixed_threshold,,50000.000000,50000.000000,6750.000000,,,False,False,TXN0188,INDEPENDENT_REVIEW,projected_usage_above_budget,ENTITY_B|2026-07|journal_entry_month_end_close|post_error_adjustments,50000.000000,25000.000000,26450.000000,19700.000000,19700.000000,True,False
TXN0189,189,journal_entry_month_end_close,ENTITY_B,post_error_adjustments,manual_adjustment,INTERNAL,2026-07,6350.000000,none,True,False,POST_ERROR,post_error_accumulation,13,INDEPENDENT_REVIEW,TXN0189,AUTO_EXECUTE,within_fixed_threshold,,50000.000000,50000.000000,6350.000000,,,False,False,TXN0189,INDEPENDENT_REVIEW,projected_usage_above_budget,ENTITY_B|2026-07|journal_entry_month_end_close|post_error_adjustments,50000.000000,25000.000000,26050.000000,19700.000000,19700.000000,True,False
TXN0190,190,journal_entry_month_end_close,ENTITY_B,post_error_adjustments,manual_adjustment,INTERNAL,2026-07,7050.000000,none,True,False,POST_ERROR,post_error_accumulation,14,INDEPENDENT_REVIEW,TXN0190,AUTO_EXECUTE,within_fixed_threshold,,50000.000000,50000.000000,7050.000000,,,False,False,TXN0190,INDEPENDENT_REVIEW,projected_usage_above_budget,ENTITY_B|2026-07|journal_entry_month_end_close|post_error_adjustments,50000.000000,25000.000000,26750.000000,19700.000000,19700.000000,True,False
TXN0191,191,procure_to_pay,ENTITY_B,operating_expense,invoice,SYNTH_VENDOR_12,2026-06,1307.000000,none,True,False,ORD_0191,ordinary_low_risk,1,AUTO_EXECUTE,TXN0191,AUTO_EXECUTE,within_fixed_threshold,,50000.000000,50000.000000,1307.000000,,,False,False,TXN0191,AUTO_EXECUTE,within_cumulative_budget,ENTITY_B|2026-06|procure_to_pay|operating_expense,50000.000000,50000.000000,20991.000000,19684.000000,20991.000000,False,False
TXN0192,192,procure_to_pay,ENTITY_B,cash_clearing,invoice,SYNTH_VENDOR_01,2026-07,3003.000000,none,True,False,ORD_0192,ordinary_low_risk,1,AUTO_EXECUTE,TXN0192,AUTO_EXECUTE,within_fixed_threshold,,50000.000000,50000.000000,3003.000000,,,False,False,TXN0192,AUTO_EXECUTE,within_cumulative_budget,ENTITY_B|2026-07|procure_to_pay|cash_clearing,50000.000000,50000.000000,19098.000000,16095.000000,19098.000000,False,False
TXN0193,193,journal_entry_month_end_close,ENTITY_B,accrued_liability,standard_accrual,INTERNAL,2026-07,3857.000000,none,False,False,ORD_0193,ordinary_low_risk,1,AUTO_EXECUTE,TXN0193,AUTO_EXECUTE,within_fixed_threshold,,50000.000000,50000.000000,3857.000000,,,False,False,TXN0193,AUTO_EXECUTE,within_cumulative_budget,ENTITY_B|2026-07|journal_entry_month_end_close|accrued_liability,50000.000000,25000.000000,9563.000000,5706.000000,9563.000000,True,False
TXN0194,194,journal_entry_month_end_close,ENTITY_A,operating_expense,standard_accrual,INTERNAL,2026-07,2813.000000,none,True,False,ORD_0194,ordinary_low_risk,1,AUTO_EXECUTE,TXN0194,AUTO_EXECUTE,within_fixed_threshold,,50000.000000,50000.000000,2813.000000,,,False,False,TXN0194,AUTO_EXECUTE,within_cumulative_budget,ENTITY_A|2026-07|journal_entry_month_end_close|operating_expense,50000.000000,50000.000000,13770.000000,10957.000000,13770.000000,False,False
TXN0195,195,procure_to_pay,ENTITY_A,accrued_liability,invoice,SYNTH_VENDOR_12,2026-07,3866.000000,none,False,False,ORD_0195,ordinary_low_risk,1,AUTO_EXECUTE,TXN0195,AUTO_EXECUTE,within_fixed_threshold,,50000.000000,50000.000000,3866.000000,,,False,False,TXN0195,AUTO_EXECUTE,within_cumulative_budget,ENTITY_A|2026-07|procure_to_pay|accrued_liability,50000.000000,50000.000000,10194.000000,6328.000000,10194.000000,False,False
TXN0196,196,journal_entry_month_end_close,ENTITY_A,operating_expense,standard_accrual,INTERNAL,2026-07,1535.000000,none,False,False,ORD_0196,ordinary_low_risk,1,AUTO_EXECUTE,TXN0196,AUTO_EXECUTE,within_fixed_threshold,,50000.000000,50000.000000,1535.000000,,,False,False,TXN0196,AUTO_EXECUTE,within_cumulative_budget,ENTITY_A|2026-07|journal_entry_month_end_close|operating_expense,50000.000000,50000.000000,15305.000000,13770.000000,15305.000000,False,False
TXN0197,197,journal_entry_month_end_close,ENTITY_A,cash_clearing,standard_accrual,INTERNAL,2026-06,2582.000000,none,False,False,ORD_0197,ordinary_low_risk,1,AUTO_EXECUTE,TXN0197,AUTO_EXECUTE,within_fixed_threshold,,50000.000000,50000.000000,2582.000000,,,False,False,TXN0197,AUTO_EXECUTE,within_cumulative_budget,ENTITY_A|2026-06|journal_entry_month_end_close|cash_clearing,50000.000000,50000.000000,14445.000000,11863.000000,14445.000000,False,False
TXN0198,198,procure_to_pay,ENTITY_B,cash_clearing,invoice,SYNTH_VENDOR_01,2026-06,1430.000000,none,True,False,ORD_0198,ordinary_low_risk,1,AUTO_EXECUTE,TXN0198,AUTO_EXECUTE,within_fixed_threshold,,50000.000000,50000.000000,1430.000000,,,False,False,TXN0198,AUTO_EXECUTE,within_cumulative_budget,ENTITY_B|2026-06|procure_to_pay|cash_clearing,50000.000000,50000.000000,6208.000000,4778.000000,6208.000000,False,False
TXN0199,199,procure_to_pay,ENTITY_A,operating_expense,invoice,SYNTH_VENDOR_04,2026-06,795.000000,none,True,False,ORD_0199,ordinary_low_risk,1,AUTO_EXECUTE,TXN0199,AUTO_EXECUTE,within_fixed_threshold,,50000.000000,50000.000000,795.000000,,,False,False,TXN0199,AUTO_EXECUTE,within_cumulative_budget,ENTITY_A|2026-06|procure_to_pay|operating_expense,50000.000000,50000.000000,13205.000000,12410.000000,13205.000000,False,False
TXN0200,200,procure_to_pay,ENTITY_B,cash_clearing,invoice,SYNTH_VENDOR_04,2026-07,1894.000000,none,False,False,ORD_0200,ordinary_low_risk,1,AUTO_EXECUTE,TXN0200,AUTO_EXECUTE,within_fixed_threshold,,50000.000000,50000.000000,1894.000000,,,False,False,TXN0200,AUTO_EXECUTE,within_cumulative_budget,ENTITY_B|2026-07|procure_to_pay|cash_clearing,50000.000000,50000.000000,20992.000000,19098.000000,20992.000000,False,False
TXN0201,201,journal_entry_month_end_close,ENTITY_B,cash_clearing,standard_accrual,INTERNAL,2026-06,1846.000000,none,True,False,ORD_0201,ordinary_low_risk,1,AUTO_EXECUTE,TXN0201,AUTO_EXECUTE,within_fixed_threshold,,50000.000000,50000.000000,1846.000000,,,False,False,TXN0201,AUTO_EXECUTE,within_cumulative_budget,ENTITY_B|2026-06|journal_entry_month_end_close|cash_clearing,50000.000000,25000.000000,23905.000000,22059.000000,23905.000000,True,False
TXN0202,202,journal_entry_month_end_close,ENTITY_A,cash_clearing,standard_accrual,INTERNAL,2026-07,1379.000000,none,True,False,ORD_0202,ordinary_low_risk,1,AUTO_EXECUTE,TXN0202,AUTO_EXECUTE,within_fixed_threshold,,50000.000000,50000.000000,1379.000000,,,False,False,TXN0202,AUTO_EXECUTE,within_cumulative_budget,ENTITY_A|2026-07|journal_entry_month_end_close|cash_clearing,50000.000000,50000.000000,17909.000000,16530.000000,17909.000000,False,False
TXN0203,203,journal_entry_month_end_close,ENTITY_A,cash_clearing,standard_accrual,INTERNAL,2026-07,3587.000000,none,True,False,ORD_0203,ordinary_low_risk,1,AUTO_EXECUTE,TXN0203,AUTO_EXECUTE,within_fixed_threshold,,50000.000000,50000.000000,3587.000000,,,False,False,TXN0203,AUTO_EXECUTE,within_cumulative_budget,ENTITY_A|2026-07|journal_entry_month_end_close|cash_clearing,50000.000000,50000.000000,21496.000000,17909.000000,21496.000000,False,False
TXN0204,204,procure_to_pay,ENTITY_A,operating_expense,invoice,SYNTH_VENDOR_03,2026-06,1584.000000,none,True,False,ORD_0204,ordinary_low_risk,1,AUTO_EXECUTE,TXN0204,AUTO_EXECUTE,within_fixed_threshold,,50000.000000,50000.000000,1584.000000,,,False,False,TXN0204,AUTO_EXECUTE,within_cumulative_budget,ENTITY_A|2026-06|procure_to_pay|operating_expense,50000.000000,50000.000000,14789.000000,13205.000000,14789.000000,False,False
TXN0205,205,procure_to_pay,ENTITY_A,operating_expense,invoice,SYNTH_VENDOR_08,2026-06,556.000000,none,True,False,ORD_0205,ordinary_low_risk,1,AUTO_EXECUTE,TXN0205,AUTO_EXECUTE,within_fixed_threshold,,50000.000000,50000.000000,556.000000,,,False,False,TXN0205,AUTO_EXECUTE,within_cumulative_budget,ENTITY_A|2026-06|procure_to_pay|operating_expense,50000.000000,50000.000000,15345.000000,14789.000000,15345.000000,False,False
TXN0206,206,journal_entry_month_end_close,ENTITY_A,accrued_liability,standard_accrual,INTERNAL,2026-07,4042.000000,none,True,False,ORD_0206,ordinary_low_risk,1,AUTO_EXECUTE,TXN0206,AUTO_EXECUTE,within_fixed_threshold,,50000.000000,50000.000000,4042.000000,,,False,False,TXN0206,AUTO_EXECUTE,within_cumulative_budget,ENTITY_A|2026-07|journal_entry_month_end_close|accrued_liability,50000.000000,50000.000000,18403.000000,14361.000000,18403.000000,False,False
TXN0207,207,journal_entry_month_end_close,ENTITY_A,operating_expense,standard_accrual,INTERNAL,2026-07,2257.000000,none,True,False,ORD_0207,ordinary_low_risk,1,AUTO_EXECUTE,TXN0207,AUTO_EXECUTE,within_fixed_threshold,,50000.000000,50000.000000,2257.000000,,,False,False,TXN0207,AUTO_EXECUTE,within_cumulative_budget,ENTITY_A|2026-07|journal_entry_month_end_close|operating_expense,50000.000000,50000.000000,17562.000000,15305.000000,17562.000000,False,False
TXN0208,208,procure_to_pay,ENTITY_B,accrued_liability,invoice,SYNTH_VENDOR_05,2026-06,2726.000000,none,True,False,ORD_0208,ordinary_low_risk,1,AUTO_EXECUTE,TXN0208,AUTO_EXECUTE,within_fixed_threshold,,50000.000000,50000.000000,2726.000000,,,False,False,TXN0208,AUTO_EXECUTE,within_cumulative_budget,ENTITY_B|2026-06|procure_to_pay|accrued_liability,50000.000000,50000.000000,13744.000000,11018.000000,13744.000000,False,False
TXN0209,209,procure_to_pay,ENTITY_B,cash_clearing,invoice,SYNTH_VENDOR_05,2026-06,621.000000,none,True,False,ORD_0209,ordinary_low_risk,1,AUTO_EXECUTE,TXN0209,AUTO_EXECUTE,within_fixed_threshold,,50000.000000,50000.000000,621.000000,,,False,False,TXN0209,AUTO_EXECUTE,within_cumulative_budget,ENTITY_B|2026-06|procure_to_pay|cash_clearing,50000.000000,50000.000000,6829.000000,6208.000000,6829.000000,False,False
TXN0210,210,journal_entry_month_end_close,ENTITY_A,accrued_liability,standard_accrual,INTERNAL,2026-07,575.000000,none,True,False,ORD_0210,ordinary_low_risk,1,AUTO_EXECUTE,TXN0210,AUTO_EXECUTE,within_fixed_threshold,,50000.000000,50000.000000,575.000000,,,False,False,TXN0210,AUTO_EXECUTE,within_cumulative_budget,ENTITY_A|2026-07|journal_entry_month_end_close|accrued_liability,50000.000000,50000.000000,18978.000000,18403.000000,18978.000000,False,False
TXN0211,211,journal_entry_month_end_close,ENTITY_A,accrued_liability,standard_accrual,INTERNAL,2026-06,2767.000000,none,True,False,ORD_0211,ordinary_low_risk,1,AUTO_EXECUTE,TXN0211,AUTO_EXECUTE,within_fixed_threshold,,50000.000000,50000.000000,2767.000000,,,False,False,TXN0211,AUTO_EXECUTE,within_cumulative_budget,ENTITY_A|2026-06|journal_entry_month_end_close|accrued_liability,50000.000000,50000.000000,10580.000000,7813.000000,10580.000000,False,False
TXN0212,212,journal_entry_month_end_close,ENTITY_A,accrued_liability,standard_accrual,INTERNAL,2026-06,2116.000000,none,True,False,ORD_0212,ordinary_low_risk,1,AUTO_EXECUTE,TXN0212,AUTO_EXECUTE,within_fixed_threshold,,50000.000000,50000.000000,2116.000000,,,False,False,TXN0212,AUTO_EXECUTE,within_cumulative_budget,ENTITY_A|2026-06|journal_entry_month_end_close|accrued_liability,50000.000000,50000.000000,12696.000000,10580.000000,12696.000000,False,False
TXN0213,213,journal_entry_month_end_close,ENTITY_B,accrued_liability,standard_accrual,INTERNAL,2026-07,1131.000000,none,True,False,ORD_0213,ordinary_low_risk,1,AUTO_EXECUTE,TXN0213,AUTO_EXECUTE,within_fixed_threshold,,50000.000000,50000.000000,1131.000000,,,False,False,TXN0213,AUTO_EXECUTE,within_cumulative_budget,ENTITY_B|2026-07|journal_entry_month_end_close|accrued_liability,50000.000000,25000.000000,10694.000000,9563.000000,10694.000000,True,False
TXN0214,214,procure_to_pay,ENTITY_B,accrued_liability,invoice,SYNTH_VENDOR_05,2026-07,1426.000000,none,True,False,ORD_0214,ordinary_low_risk,1,AUTO_EXECUTE,TXN0214,AUTO_EXECUTE,within_fixed_threshold,,50000.000000,50000.000000,1426.000000,,,False,False,TXN0214,AUTO_EXECUTE,within_cumulative_budget,ENTITY_B|2026-07|procure_to_pay|accrued_liability,50000.000000,50000.000000,14239.000000,12813.000000,14239.000000,False,False
TXN0215,215,journal_entry_month_end_close,ENTITY_B,accrued_liability,standard_accrual,INTERNAL,2026-06,3436.000000,none,False,False,ORD_0215,ordinary_low_risk,1,AUTO_EXECUTE,TXN0215,AUTO_EXECUTE,within_fixed_threshold,,50000.000000,50000.000000,3436.000000,,,False,False,TXN0215,AUTO_EXECUTE,within_cumulative_budget,ENTITY_B|2026-06|journal_entry_month_end_close|accrued_liability,50000.000000,25000.000000,12834.000000,9398.000000,12834.000000,True,False
TXN0216,216,procure_to_pay,ENTITY_A,operating_expense,invoice,SYNTH_VENDOR_06,2026-07,1102.000000,none,True,False,ORD_0216,ordinary_low_risk,1,AUTO_EXECUTE,TXN0216,AUTO_EXECUTE,within_fixed_threshold,,50000.000000,50000.000000,1102.000000,,,False,False,TXN0216,AUTO_EXECUTE,within_cumulative_budget,ENTITY_A|2026-07|procure_to_pay|operating_expense,50000.000000,50000.000000,18129.000000,17027.000000,18129.000000,False,False
TXN0217,217,journal_entry_month_end_close,ENTITY_A,accrued_liability,standard_accrual,INTERNAL,2026-07,528.000000,none,True,False,ORD_0217,ordinary_low_risk,1,AUTO_EXECUTE,TXN0217,AUTO_EXECUTE,within_fixed_threshold,,50000.000000,50000.000000,528.000000,,,False,False,TXN0217,AUTO_EXECUTE,within_cumulative_budget,ENTITY_A|2026-07|journal_entry_month_end_close|accrued_liability,50000.000000,50000.000000,19506.000000,18978.000000,19506.000000,False,False
TXN0218,218,journal_entry_month_end_close,ENTITY_A,operating_expense,standard_accrual,INTERNAL,2026-07,1328.000000,none,True,False,ORD_0218,ordinary_low_risk,1,AUTO_EXECUTE,TXN0218,AUTO_EXECUTE,within_fixed_threshold,,50000.000000,50000.000000,1328.000000,,,False,False,TXN0218,AUTO_EXECUTE,within_cumulative_budget,ENTITY_A|2026-07|journal_entry_month_end_close|operating_expense,50000.000000,50000.000000,18890.000000,17562.000000,18890.000000,False,False
TXN0219,219,journal_entry_month_end_close,ENTITY_B,accrued_liability,standard_accrual,INTERNAL,2026-07,2858.000000,none,True,False,ORD_0219,ordinary_low_risk,1,AUTO_EXECUTE,TXN0219,AUTO_EXECUTE,within_fixed_threshold,,50000.000000,50000.000000,2858.000000,,,False,False,TXN0219,AUTO_EXECUTE,within_cumulative_budget,ENTITY_B|2026-07|journal_entry_month_end_close|accrued_liability,50000.000000,25000.000000,13552.000000,10694.000000,13552.000000,True,False
TXN0220,220,procure_to_pay,ENTITY_A,cash_clearing,invoice,SYNTH_VENDOR_07,2026-06,4080.000000,none,True,False,ORD_0220,ordinary_low_risk,1,AUTO_EXECUTE,TXN0220,AUTO_EXECUTE,within_fixed_threshold,,50000.000000,50000.000000,4080.000000,,,False,False,TXN0220,AUTO_EXECUTE,within_cumulative_budget,ENTITY_A|2026-06|procure_to_pay|cash_clearing,50000.000000,50000.000000,13871.000000,9791.000000,13871.000000,False,False
TXN0221,221,procure_to_pay,ENTITY_B,accrued_liability,invoice,SYNTH_VENDOR_04,2026-06,1793.000000,none,False,False,ORD_0221,ordinary_low_risk,1,AUTO_EXECUTE,TXN0221,AUTO_EXECUTE,within_fixed_threshold,,50000.000000,50000.000000,1793.000000,,,False,False,TXN0221,AUTO_EXECUTE,within_cumulative_budget,ENTITY_B|2026-06|procure_to_pay|accrued_liability,50000.000000,50000.000000,15537.000000,13744.000000,15537.000000,False,False
TXN0222,222,journal_entry_month_end_close,ENTITY_A,accrued_liability,standard_accrual,INTERNAL,2026-06,3828.000000,none,True,False,ORD_0222,ordinary_low_risk,1,AUTO_EXECUTE,TXN0222,AUTO_EXECUTE,within_fixed_threshold,,50000.000000,50000.000000,3828.000000,,,False,False,TXN0222,AUTO_EXECUTE,within_cumulative_budget,ENTITY_A|2026-06|journal_entry_month_end_close|accrued_liability,50000.000000,50000.000000,16524.000000,12696.000000,16524.000000,False,False
TXN0223,223,journal_entry_month_end_close,ENTITY_B,cash_clearing,standard_accrual,INTERNAL,2026-06,835.000000,none,True,False,ORD_0223,ordinary_low_risk,1,AUTO_EXECUTE,TXN0223,AUTO_EXECUTE,within_fixed_threshold,,50000.000000,50000.000000,835.000000,,,False,False,TXN0223,AUTO_EXECUTE,within_cumulative_budget,ENTITY_B|2026-06|journal_entry_month_end_close|cash_clearing,50000.000000,25000.000000,24740.000000,23905.000000,24740.000000,True,False
TXN0224,224,journal_entry_month_end_close,ENTITY_B,accrued_liability,standard_accrual,INTERNAL,2026-06,727.000000,none,True,False,ORD_0224,ordinary_low_risk,1,AUTO_EXECUTE,TXN0224,AUTO_EXECUTE,within_fixed_threshold,,50000.000000,50000.000000,727.000000,,,False,False,TXN0224,AUTO_EXECUTE,within_cumulative_budget,ENTITY_B|2026-06|journal_entry_month_end_close|accrued_liability,50000.000000,25000.000000,13561.000000,12834.000000,13561.000000,True,False
TXN0225,225,journal_entry_month_end_close,ENTITY_B,cash_clearing,standard_accrual,INTERNAL,2026-07,1351.000000,none,True,False,ORD_0225,ordinary_low_risk,1,AUTO_EXECUTE,TXN0225,AUTO_EXECUTE,within_fixed_threshold,,50000.000000,50000.000000,1351.000000,,,False,False,TXN0225,AUTO_EXECUTE,within_cumulative_budget,ENTITY_B|2026-07|journal_entry_month_end_close|cash_clearing,50000.000000,25000.000000,20403.000000,19052.000000,20403.000000,True,False
TXN0226,226,procure_to_pay,ENTITY_B,accrued_liability,invoice,SYNTH_VENDOR_10,2026-07,3114.000000,none,True,False,ORD_0226,ordinary_low_risk,1,AUTO_EXECUTE,TXN0226,AUTO_EXECUTE,within_fixed_threshold,,50000.000000,50000.000000,3114.000000,,,False,False,TXN0226,AUTO_EXECUTE,within_cumulative_budget,ENTITY_B|2026-07|procure_to_pay|accrued_liability,50000.000000,50000.000000,17353.000000,14239.000000,17353.000000,False,False
TXN0227,227,procure_to_pay,ENTITY_B,cash_clearing,invoice,SYNTH_VENDOR_04,2026-07,847.000000,none,True,False,ORD_0227,ordinary_low_risk,1,AUTO_EXECUTE,TXN0227,AUTO_EXECUTE,within_fixed_threshold,,50000.000000,50000.000000,847.000000,,,False,False,TXN0227,AUTO_EXECUTE,within_cumulative_budget,ENTITY_B|2026-07|procure_to_pay|cash_clearing,50000.000000,50000.000000,21839.000000,20992.000000,21839.000000,False,False
TXN0228,228,journal_entry_month_end_close,ENTITY_A,cash_clearing,standard_accrual,INTERNAL,2026-06,4200.000000,none,True,False,ORD_0228,ordinary_low_risk,1,AUTO_EXECUTE,TXN0228,AUTO_EXECUTE,within_fixed_threshold,,50000.000000,50000.000000,4200.000000,,,False,False,TXN0228,AUTO_EXECUTE,within_cumulative_budget,ENTITY_A|2026-06|journal_entry_month_end_close|cash_clearing,50000.000000,50000.000000,18645.000000,14445.000000,18645.000000,False,False
TXN0229,229,journal_entry_month_end_close,ENTITY_A,operating_expense,standard_accrual,INTERNAL,2026-06,1517.000000,none,True,False,ORD_0229,ordinary_low_risk,1,AUTO_EXECUTE,TXN0229,AUTO_EXECUTE,within_fixed_threshold,,50000.000000,50000.000000,1517.000000,,,False,False,TXN0229,AUTO_EXECUTE,within_cumulative_budget,ENTITY_A|2026-06|journal_entry_month_end_close|operating_expense,50000.000000,50000.000000,14919.000000,13402.000000,14919.000000,False,False
TXN0230,230,journal_entry_month_end_close,ENTITY_B,accrued_liability,standard_accrual,INTERNAL,2026-06,3029.000000,none,True,False,ORD_0230,ordinary_low_risk,1,AUTO_EXECUTE,TXN0230,AUTO_EXECUTE,within_fixed_threshold,,50000.000000,50000.000000,3029.000000,,,False,False,TXN0230,AUTO_EXECUTE,within_cumulative_budget,ENTITY_B|2026-06|journal_entry_month_end_close|accrued_liability,50000.000000,25000.000000,16590.000000,13561.000000,16590.000000,True,False
TXN0231,231,journal_entry_month_end_close,ENTITY_B,cash_clearing,standard_accrual,INTERNAL,2026-07,2959.000000,none,True,False,ORD_0231,ordinary_low_risk,1,AUTO_EXECUTE,TXN0231,AUTO_EXECUTE,within_fixed_threshold,,50000.000000,50000.000000,2959.000000,,,False,False,TXN0231,AUTO_EXECUTE,within_cumulative_budget,ENTITY_B|2026-07|journal_entry_month_end_close|cash_clearing,50000.000000,25000.000000,23362.000000,20403.000000,23362.000000,True,False
TXN0232,232,journal_entry_month_end_close,ENTITY_A,cash_clearing,standard_accrual,INTERNAL,2026-06,2273.000000,none,True,False,ORD_0232,ordinary_low_risk,1,AUTO_EXECUTE,TXN0232,AUTO_EXECUTE,within_fixed_threshold,,50000.000000,50000.000000,2273.000000,,,False,False,TXN0232,AUTO_EXECUTE,within_cumulative_budget,ENTITY_A|2026-06|journal_entry_month_end_close|cash_clearing,50000.000000,50000.000000,20918.000000,18645.000000,20918.000000,False,False
TXN0233,233,journal_entry_month_end_close,ENTITY_B,accrued_liability,standard_accrual,INTERNAL,2026-07,1753.000000,none,True,False,ORD_0233,ordinary_low_risk,1,AUTO_EXECUTE,TXN0233,AUTO_EXECUTE,within_fixed_threshold,,50000.000000,50000.000000,1753.000000,,,False,False,TXN0233,AUTO_EXECUTE,within_cumulative_budget,ENTITY_B|2026-07|journal_entry_month_end_close|accrued_liability,50000.000000,25000.000000,15305.000000,13552.000000,15305.000000,True,False
TXN0234,234,procure_to_pay,ENTITY_B,operating_expense,invoice,SYNTH_VENDOR_10,2026-07,1530.000000,none,True,False,ORD_0234,ordinary_low_risk,1,AUTO_EXECUTE,TXN0234,AUTO_EXECUTE,within_fixed_threshold,,50000.000000,50000.000000,1530.000000,,,False,False,TXN0234,AUTO_EXECUTE,within_cumulative_budget,ENTITY_B|2026-07|procure_to_pay|operating_expense,50000.000000,50000.000000,9708.000000,8178.000000,9708.000000,False,False
TXN0235,235,journal_entry_month_end_close,ENTITY_A,operating_expense,standard_accrual,INTERNAL,2026-06,1920.000000,none,True,False,ORD_0235,ordinary_low_risk,1,AUTO_EXECUTE,TXN0235,AUTO_EXECUTE,within_fixed_threshold,,50000.000000,50000.000000,1920.000000,,,False,False,TXN0235,AUTO_EXECUTE,within_cumulative_budget,ENTITY_A|2026-06|journal_entry_month_end_close|operating_expense,50000.000000,50000.000000,16839.000000,14919.000000,16839.000000,False,False
TXN0236,236,procure_to_pay,ENTITY_B,accrued_liability,invoice,SYNTH_VENDOR_06,2026-07,1755.000000,none,True,False,ORD_0236,ordinary_low_risk,1,AUTO_EXECUTE,TXN0236,AUTO_EXECUTE,within_fixed_threshold,,50000.000000,50000.000000,1755.000000,,,False,False,TXN0236,AUTO_EXECUTE,within_cumulative_budget,ENTITY_B|2026-07|procure_to_pay|accrued_liability,50000.000000,50000.000000,19108.000000,17353.000000,19108.000000,False,False
TXN0237,237,procure_to_pay,ENTITY_B,accrued_liability,invoice,SYNTH_VENDOR_06,2026-06,3685.000000,none,True,False,ORD_0237,ordinary_low_risk,1,AUTO_EXECUTE,TXN0237,AUTO_EXECUTE,within_fixed_threshold,,50000.000000,50000.000000,3685.000000,,,False,False,TXN0237,AUTO_EXECUTE,within_cumulative_budget,ENTITY_B|2026-06|procure_to_pay|accrued_liability,50000.000000,50000.000000,19222.000000,15537.000000,19222.000000,False,False
TXN0238,238,procure_to_pay,ENTITY_A,accrued_liability,invoice,SYNTH_VENDOR_09,2026-07,3283.000000,none,True,False,ORD_0238,ordinary_low_risk,1,AUTO_EXECUTE,TXN0238,AUTO_EXECUTE,within_fixed_threshold,,50000.000000,50000.000000,3283.000000,,,False,False,TXN0238,AUTO_EXECUTE,within_cumulative_budget,ENTITY_A|2026-07|procure_to_pay|accrued_liability,50000.000000,50000.000000,13477.000000,10194.000000,13477.000000,False,False
TXN0239,239,journal_entry_month_end_close,ENTITY_A,cash_clearing,standard_accrual,INTERNAL,2026-07,3099.000000,none,True,False,ORD_0239,ordinary_low_risk,1,AUTO_EXECUTE,TXN0239,AUTO_EXECUTE,within_fixed_threshold,,50000.000000,50000.000000,3099.000000,,,False,False,TXN0239,AUTO_EXECUTE,within_cumulative_budget,ENTITY_A|2026-07|journal_entry_month_end_close|cash_clearing,50000.000000,50000.000000,24595.000000,21496.000000,24595.000000,False,False
TXN0240,240,procure_to_pay,ENTITY_A,cash_clearing,invoice,SYNTH_VENDOR_07,2026-06,3953.000000,none,True,False,ORD_0240,ordinary_low_risk,1,AUTO_EXECUTE,TXN0240,AUTO_EXECUTE,within_fixed_threshold,,50000.000000,50000.000000,3953.000000,,,False,False,TXN0240,AUTO_EXECUTE,within_cumulative_budget,ENTITY_A|2026-06|procure_to_pay|cash_clearing,50000.000000,50000.000000,17824.000000,13871.000000,17824.000000,False,False
